source,variant,layout,threshold_se,fallback,efficiency_weight,windows,mean_router_loss,mean_best_fixed_loss,mean_global_loss,mean_oracle_loss,mean_delta_best_fixed,mean_delta_global,mean_router_user_gap,mean_router_segment_gap,mean_router_interval_score,strict_conflict_rate_vs_global,selected_global,selected_segment,selected_user,block_months,delta_best_ci_low,delta_best_ci_high
lgbm,expanding_k0.5_global_eta0,expanding,0.5,global,0.0,35,0.021847563537927096,0.021940736121974686,0.0313502140137973,0.021771445559085726,-9.317258404759144e-05,-0.009502650475870199,0.030422081943902515,0.01327304513195168,180.6017128273366,0.2857142857142857,0,1,34,2,-0.0002795177521427743,0.0
lgbm,expanding_k0.5_global_eta0,expanding,0.5,global,0.0,35,0.021847563537927096,0.021940736121974686,0.0313502140137973,0.021771445559085726,-9.317258404759144e-05,-0.009502650475870199,0.030422081943902515,0.01327304513195168,180.6017128273366,0.2857142857142857,0,1,34,3,-0.0002795177521427743,0.0
lgbm,expanding_k0.5_global_eta0.01,expanding,0.5,global,0.01,35,0.04064129291146204,0.04073495695199446,0.05018875364164224,0.040568062328991045,-9.366404053241715e-05,-0.00954746073018021,0.030422081943902515,0.01327304513195168,180.6017128273366,0.2857142857142857,0,1,34,2,-0.00028099212159725146,0.0
lgbm,expanding_k0.5_global_eta0.01,expanding,0.5,global,0.01,35,0.04064129291146204,0.04073495695199446,0.05018875364164224,0.040568062328991045,-9.366404053241715e-05,-0.00954746073018021,0.030422081943902515,0.01327304513195168,180.6017128273366,0.2857142857142857,0,1,34,3,-0.00028099212159725146,0.0
lgbm,expanding_k0.5_history_best_eta0,expanding,0.5,history_best,0.0,35,0.021847563537927096,0.021940736121974686,0.0313502140137973,0.021771445559085726,-9.317258404759144e-05,-0.009502650475870199,0.030422081943902515,0.01327304513195168,180.6017128273366,0.2857142857142857,0,1,34,2,-0.0002795177521427743,0.0
lgbm,expanding_k0.5_history_best_eta0,expanding,0.5,history_best,0.0,35,0.021847563537927096,0.021940736121974686,0.0313502140137973,0.021771445559085726,-9.317258404759144e-05,-0.009502650475870199,0.030422081943902515,0.01327304513195168,180.6017128273366,0.2857142857142857,0,1,34,3,-0.0002795177521427743,0.0
lgbm,expanding_k0.5_history_best_eta0.01,expanding,0.5,history_best,0.01,35,0.04064129291146204,0.04073495695199446,0.05018875364164224,0.040568062328991045,-9.366404053241715e-05,-0.00954746073018021,0.030422081943902515,0.01327304513195168,180.6017128273366,0.2857142857142857,0,1,34,2,-0.00028099212159725146,0.0
lgbm,expanding_k0.5_history_best_eta0.01,expanding,0.5,history_best,0.01,35,0.04064129291146204,0.04073495695199446,0.05018875364164224,0.040568062328991045,-9.366404053241715e-05,-0.00954746073018021,0.030422081943902515,0.01327304513195168,180.6017128273366,0.2857142857142857,0,1,34,3,-0.00028099212159725146,0.0
lgbm,expanding_k0_global_eta0,expanding,0.0,global,0.0,35,0.022027066258415544,0.021940736121974686,0.0313502140137973,0.021771445559085726,8.633013644085716e-05,-0.00932314775538175,0.030781518261180217,0.013272614255650865,180.9650550137458,0.3142857142857143,0,1,34,2,0.0,0.0002589904093225715
lgbm,expanding_k0_global_eta0,expanding,0.0,global,0.0,35,0.022027066258415544,0.021940736121974686,0.0313502140137973,0.021771445559085726,8.633013644085716e-05,-0.00932314775538175,0.030781518261180217,0.013272614255650865,180.9650550137458,0.3142857142857143,0,1,34,3,0.0,0.0002589904093225715
lgbm,expanding_k0_global_eta0.01,expanding,0.0,global,0.01,35,0.04073495695199446,0.04073495695199446,0.05018875364164224,0.040568062328991045,0.0,-0.00945379668964779,0.030422573513523555,0.013458898730425821,180.60174598167654,0.3142857142857143,0,0,35,2,0.0,0.0
lgbm,expanding_k0_global_eta0.01,expanding,0.0,global,0.01,35,0.04073495695199446,0.04073495695199446,0.05018875364164224,0.040568062328991045,0.0,-0.00945379668964779,0.030422573513523555,0.013458898730425821,180.60174598167654,0.3142857142857143,0,0,35,3,0.0,0.0
lgbm,expanding_k0_history_best_eta0,expanding,0.0,history_best,0.0,35,0.022027066258415544,0.021940736121974686,0.0313502140137973,0.021771445559085726,8.633013644085716e-05,-0.00932314775538175,0.030781518261180217,0.013272614255650865,180.9650550137458,0.3142857142857143,0,1,34,2,0.0,0.0002589904093225715
lgbm,expanding_k0_history_best_eta0,expanding,0.0,history_best,0.0,35,0.022027066258415544,0.021940736121974686,0.0313502140137973,0.021771445559085726,8.633013644085716e-05,-0.00932314775538175,0.030781518261180217,0.013272614255650865,180.9650550137458,0.3142857142857143,0,1,34,3,0.0,0.0002589904093225715
lgbm,expanding_k0_history_best_eta0.01,expanding,0.0,history_best,0.01,35,0.04073495695199446,0.04073495695199446,0.05018875364164224,0.040568062328991045,0.0,-0.00945379668964779,0.030422573513523555,0.013458898730425821,180.60174598167654,0.3142857142857143,0,0,35,2,0.0,0.0
lgbm,expanding_k0_history_best_eta0.01,expanding,0.0,history_best,0.01,35,0.04073495695199446,0.04073495695199446,0.05018875364164224,0.040568062328991045,0.0,-0.00945379668964779,0.030422573513523555,0.013458898730425821,180.60174598167654,0.3142857142857143,0,0,35,3,0.0,0.0
lgbm,expanding_k1_global_eta0,expanding,1.0,global,0.0,35,0.02189674172564147,0.021940736121974686,0.0313502140137973,0.021771445559085726,-4.3994396333217214e-05,-0.009453472288155825,0.0306824560601706,0.013111027391112343,180.60173797411704,0.2571428571428571,2,0,33,2,-0.00021419917431264858,8.221598531299694e-05
lgbm,expanding_k1_global_eta0,expanding,1.0,global,0.0,35,0.02189674172564147,0.021940736121974686,0.0313502140137973,0.021771445559085726,-4.3994396333217214e-05,-0.009453472288155825,0.0306824560601706,0.013111027391112343,180.60173797411704,0.2571428571428571,2,0,33,3,-0.00018679384587498294,5.481065687533129e-05
lgbm,expanding_k1_global_eta0.01,expanding,1.0,global,0.01,35,0.04069130384488247,0.04073495695199446,0.05018875364164224,0.040568062328991045,-4.36531071119856e-05,-0.009497449796759778,0.0306824560601706,0.013111027391112343,180.60173797411704,0.2571428571428571,2,0,33,2,-0.0002156369713504455,8.467765001448873e-05
lgbm,expanding_k1_global_eta0.01,expanding,1.0,global,0.01,35,0.04069130384488247,0.04073495695199446,0.05018875364164224,0.040568062328991045,-4.36531071119856e-05,-0.009497449796759778,0.0306824560601706,0.013111027391112343,180.60173797411704,0.2571428571428571,2,0,33,3,-0.00018741108801228261,5.645176667632582e-05
lgbm,expanding_k1_history_best_eta0,expanding,1.0,history_best,0.0,35,0.021940736121974686,0.021940736121974686,0.0313502140137973,0.021771445559085726,0.0,-0.009409477891822607,0.030422573513523555,0.013458898730425821,180.60174598167654,0.3142857142857143,0,0,35,2,0.0,0.0
lgbm,expanding_k1_history_best_eta0,expanding,1.0,history_best,0.0,35,0.021940736121974686,0.021940736121974686,0.0313502140137973,0.021771445559085726,0.0,-0.009409477891822607,0.030422573513523555,0.013458898730425821,180.60174598167654,0.3142857142857143,0,0,35,3,0.0,0.0
lgbm,expanding_k1_history_best_eta0.01,expanding,1.0,history_best,0.01,35,0.04073495695199446,0.04073495695199446,0.05018875364164224,0.040568062328991045,0.0,-0.00945379668964779,0.030422573513523555,0.013458898730425821,180.60174598167654,0.3142857142857143,0,0,35,2,0.0,0.0
lgbm,expanding_k1_history_best_eta0.01,expanding,1.0,history_best,0.01,35,0.04073495695199446,0.04073495695199446,0.05018875364164224,0.040568062328991045,0.0,-0.00945379668964779,0.030422573513523555,0.013458898730425821,180.60174598167654,0.3142857142857143,0,0,35,3,0.0,0.0
lgbm,expanding_k2_global_eta0,expanding,2.0,global,0.0,35,0.022001314702449315,0.021940736121974686,0.0313502140137973,0.021771445559085726,6.05785804746285e-05,-0.009348899311347978,0.031034404269545166,0.01296822513535347,180.60177016292604,0.22857142857142856,3,0,32,2,-0.00018679384587498294,0.00031371893042353715
lgbm,expanding_k2_global_eta0,expanding,2.0,global,0.0,35,0.022001314702449315,0.021940736121974686,0.0313502140137973,0.021771445559085726,6.05785804746285e-05,-0.009348899311347978,0.031034404269545166,0.01296822513535347,180.60177016292604,0.22857142857142856,3,0,32,3,-0.00018679384587498294,0.00031371893042353715
lgbm,expanding_k2_global_eta0.01,expanding,2.0,global,0.01,35,0.04079699275704056,0.04073495695199446,0.05018875364164224,0.040568062328991045,6.203580504610573e-05,-0.009391760884601686,0.031034404269545166,0.01296822513535347,180.60177016292604,0.22857142857142856,3,0,32,2,-0.00018741108801228261,0.000317066736474274
lgbm,expanding_k2_global_eta0.01,expanding,2.0,global,0.01,35,0.04079699275704056,0.04073495695199446,0.05018875364164224,0.040568062328991045,6.203580504610573e-05,-0.009391760884601686,0.031034404269545166,0.01296822513535347,180.60177016292604,0.22857142857142856,3,0,32,3,-0.00018741108801228261,0.000317066736474274
lgbm,expanding_k2_history_best_eta0,expanding,2.0,history_best,0.0,35,0.021940736121974686,0.021940736121974686,0.0313502140137973,0.021771445559085726,0.0,-0.009409477891822607,0.030422573513523555,0.013458898730425821,180.60174598167654,0.3142857142857143,0,0,35,2,0.0,0.0
lgbm,expanding_k2_history_best_eta0,expanding,2.0,history_best,0.0,35,0.021940736121974686,0.021940736121974686,0.0313502140137973,0.021771445559085726,0.0,-0.009409477891822607,0.030422573513523555,0.013458898730425821,180.60174598167654,0.3142857142857143,0,0,35,3,0.0,0.0
lgbm,expanding_k2_history_best_eta0.01,expanding,2.0,history_best,0.01,35,0.04073495695199446,0.04073495695199446,0.05018875364164224,0.040568062328991045,0.0,-0.00945379668964779,0.030422573513523555,0.013458898730425821,180.60174598167654,0.3142857142857143,0,0,35,2,0.0,0.0
lgbm,expanding_k2_history_best_eta0.01,expanding,2.0,history_best,0.01,35,0.04073495695199446,0.04073495695199446,0.05018875364164224,0.040568062328991045,0.0,-0.00945379668964779,0.030422573513523555,0.013458898730425821,180.60174598167654,0.3142857142857143,0,0,35,3,0.0,0.0
lgbm,recent7_direct_eta0,recent_7d_direct,,not_applicable,0.0,35,0.021874968866364763,0.021940736121974686,0.0313502140137973,0.021771445559085726,-6.57672556099258e-05,-0.009475245147432533,0.03067677801230629,0.013073159720423234,180.60173763830238,0.2571428571428571,1,1,33,2,-0.0002795177521427743,8.221598531299694e-05
lgbm,recent7_direct_eta0,recent_7d_direct,,not_applicable,0.0,35,0.021874968866364763,0.021940736121974686,0.0313502140137973,0.021771445559085726,-6.57672556099258e-05,-0.009475245147432533,0.03067677801230629,0.013073159720423234,180.60173763830238,0.2571428571428571,1,1,33,3,-0.0002521124237051087,5.481065687533129e-05
lgbm,recent7_direct_eta0.01,recent_7d_direct,,not_applicable,0.01,35,0.0406695187948002,0.04073495695199446,0.05018875364164224,0.040568062328991045,-6.543815719425424e-05,-0.009519234846842046,0.03067677801230629,0.013073159720423234,180.60173763830238,0.2571428571428571,1,1,33,2,-0.00028099212159725146,8.467765001448873e-05
lgbm,recent7_direct_eta0.01,recent_7d_direct,,not_applicable,0.01,35,0.0406695187948002,0.04073495695199446,0.05018875364164224,0.040568062328991045,-6.543815719425424e-05,-0.009519234846842046,0.03067677801230629,0.013073159720423234,180.60173763830238,0.2571428571428571,1,1,33,3,-0.00025276623825908854,5.645176667632582e-05
persistence,expanding_k0.5_global_eta0,expanding,0.5,global,0.0,140,0.041708868258811004,0.042041960304314674,0.05808506264599228,0.04030325542381303,-0.00033309204550366854,-0.016376194387181287,0.04686100821587581,0.03655672830174618,311.5664582886149,0.1357142857142857,14,5,121,2,-0.0006892136879964581,-3.490830681898342e-05
persistence,expanding_k0.5_global_eta0,expanding,0.5,global,0.0,140,0.041708868258811004,0.042041960304314674,0.05808506264599228,0.04030325542381303,-0.00033309204550366854,-0.016376194387181287,0.04686100821587581,0.03655672830174618,311.5664582886149,0.1357142857142857,14,5,121,3,-0.0006691110186596909,-3.336612823677274e-05
persistence,expanding_k0.5_global_eta0.01,expanding,0.5,global,0.01,140,0.08558170152716499,0.08590522689506801,0.10289397448437472,0.08422553882660834,-0.00032352536790302273,-0.017312272957209735,0.04683642229455076,0.03651891634101219,311.56638887507427,0.1357142857142857,14,4,122,2,-0.0007009880433262,-2.8492821631954016e-05
persistence,expanding_k0.5_global_eta0.01,expanding,0.5,global,0.01,140,0.08558170152716499,0.08590522689506801,0.10289397448437472,0.08422553882660834,-0.00032352536790302273,-0.017312272957209735,0.04683642229455076,0.03651891634101219,311.56638887507427,0.1357142857142857,14,4,122,3,-0.0006840873332375299,-2.7950958989483193e-05
persistence,expanding_k0.5_history_best_eta0,expanding,0.5,history_best,0.0,140,0.041738027809747384,0.042041960304314674,0.05808506264599228,0.04030325542381303,-0.0003039324945672793,-0.0163470348362449,0.04677195476811006,0.0367041008513847,311.5666338346337,0.15,11,5,124,2,-0.00061706012297604,-2.507390656071312e-05
persistence,expanding_k0.5_history_best_eta0,expanding,0.5,history_best,0.0,140,0.041738027809747384,0.042041960304314674,0.05808506264599228,0.04030325542381303,-0.0003039324945672793,-0.0163470348362449,0.04677195476811006,0.0367041008513847,311.5666338346337,0.15,11,5,124,3,-0.0005949468427236365,-3.2179835609389955e-05
persistence,expanding_k0.5_history_best_eta0.01,expanding,0.5,history_best,0.01,140,0.08560368591448046,0.08590522689506801,0.10289397448437472,0.08422553882660834,-0.0003015409805875499,-0.017290288569894265,0.046747368846785015,0.03666628889065071,311.5665644210931,0.15,11,4,125,2,-0.0006284960451184204,-3.8740277021466386e-05
persistence,expanding_k0.5_history_best_eta0.01,expanding,0.5,history_best,0.01,140,0.08560368591448046,0.08590522689506801,0.10289397448437472,0.08422553882660834,-0.0003015409805875499,-0.017290288569894265,0.046747368846785015,0.03666628889065071,311.5665644210931,0.15,11,4,125,3,-0.0006091478163437013,-4.191256955524067e-05
persistence,expanding_k0_global_eta0,expanding,0.0,global,0.0,140,0.04170682886871786,0.042041960304314674,0.05808506264599228,0.04030325542381303,-0.0003351314355968036,-0.016378233777274424,0.046747368846785015,0.03666628889065071,311.5665644210931,0.15,11,4,125,2,-0.0006453096952374758,-7.1972231358538e-05
persistence,expanding_k0_global_eta0,expanding,0.0,global,0.0,140,0.04170682886871786,0.042041960304314674,0.05808506264599228,0.04030325542381303,-0.0003351314355968036,-0.016378233777274424,0.046747368846785015,0.03666628889065071,311.5665644210931,0.15,11,4,125,3,-0.0006165035798156865,-7.641951450779569e-05
persistence,expanding_k0_global_eta0.01,expanding,0.0,global,0.01,140,0.08560368591448046,0.08590522689506801,0.10289397448437472,0.08422553882660834,-0.0003015409805875499,-0.017290288569894265,0.046747368846785015,0.03666628889065071,311.5665644210931,0.15,11,4,125,2,-0.0006284960451184204,-3.8740277021466386e-05
persistence,expanding_k0_global_eta0.01,expanding,0.0,global,0.01,140,0.08560368591448046,0.08590522689506801,0.10289397448437472,0.08422553882660834,-0.0003015409805875499,-0.017290288569894265,0.046747368846785015,0.03666628889065071,311.5665644210931,0.15,11,4,125,3,-0.0006091478163437013,-4.191256955524067e-05
persistence,expanding_k0_history_best_eta0,expanding,0.0,history_best,0.0,140,0.04170682886871786,0.042041960304314674,0.05808506264599228,0.04030325542381303,-0.0003351314355968036,-0.016378233777274424,0.046747368846785015,0.03666628889065071,311.5665644210931,0.15,11,4,125,2,-0.0006453096952374758,-7.1972231358538e-05
persistence,expanding_k0_history_best_eta0,expanding,0.0,history_best,0.0,140,0.04170682886871786,0.042041960304314674,0.05808506264599228,0.04030325542381303,-0.0003351314355968036,-0.016378233777274424,0.046747368846785015,0.03666628889065071,311.5665644210931,0.15,11,4,125,3,-0.0006165035798156865,-7.641951450779569e-05
persistence,expanding_k0_history_best_eta0.01,expanding,0.0,history_best,0.01,140,0.08560368591448046,0.08590522689506801,0.10289397448437472,0.08422553882660834,-0.0003015409805875499,-0.017290288569894265,0.046747368846785015,0.03666628889065071,311.5665644210931,0.15,11,4,125,2,-0.0006284960451184204,-3.8740277021466386e-05
persistence,expanding_k0_history_best_eta0.01,expanding,0.0,history_best,0.01,140,0.08560368591448046,0.08590522689506801,0.10289397448437472,0.08422553882660834,-0.0003015409805875499,-0.017290288569894265,0.046747368846785015,0.03666628889065071,311.5665644210931,0.15,11,4,125,3,-0.0006091478163437013,-4.191256955524067e-05
persistence,expanding_k1_global_eta0,expanding,1.0,global,0.0,140,0.041293311838313834,0.042041960304314674,0.05808506264599228,0.04030325542381303,-0.0007486484660008287,-0.01679175080767845,0.04694877850114106,0.03563784517548661,310.9560787347159,0.12857142857142856,16,7,117,2,-0.001445579040488088,-0.00017947413856027339
persistence,expanding_k1_global_eta0,expanding,1.0,global,0.0,140,0.041293311838313834,0.042041960304314674,0.05808506264599228,0.04030325542381303,-0.0007486484660008287,-0.01679175080767845,0.04694877850114106,0.03563784517548661,310.9560787347159,0.12857142857142856,16,7,117,3,-0.0013854413750283387,-0.0001818057458705241
persistence,expanding_k1_global_eta0.01,expanding,1.0,global,0.01,140,0.08529210258390828,0.08590522689506801,0.10289397448437472,0.08422553882660834,-0.0006131243111597406,-0.017601871900466456,0.046814664111368504,0.035965076259000674,311.5658272463572,0.12857142857142856,16,5,119,2,-0.0012577021858651478,-7.302620020271678e-05
persistence,expanding_k1_global_eta0.01,expanding,1.0,global,0.01,140,0.08529210258390828,0.08590522689506801,0.10289397448437472,0.08422553882660834,-0.0006131243111597406,-0.017601871900466456,0.046814664111368504,0.035965076259000674,311.5658272463572,0.12857142857142856,16,5,119,3,-0.0011836783778813717,-9.443346978783394e-05
persistence,expanding_k1_history_best_eta0,expanding,1.0,history_best,0.0,140,0.04164146946287663,0.042041960304314674,0.05808506264599228,0.04030325542381303,-0.0004004908414380322,-0.01644359318311565,0.04690606915788262,0.03637686976787064,310.95688532299243,0.15,11,7,122,2,-0.0007858534341662394,-6.590996095509903e-05
persistence,expanding_k1_history_best_eta0,expanding,1.0,history_best,0.0,140,0.04164146946287663,0.042041960304314674,0.05808506264599228,0.04030325542381303,-0.0004004908414380322,-0.01644359318311565,0.04690606915788262,0.03637686976787064,310.95688532299243,0.15,11,7,122,3,-0.0007807953709196558,-6.339076283074212e-05
persistence,expanding_k1_history_best_eta0.01,expanding,1.0,history_best,0.01,140,0.08563683710278171,0.08590522689506801,0.10289397448437472,0.08422553882660834,-0.0002683897922862978,-0.017257137381593013,0.04677195476811006,0.0367041008513847,311.5666338346337,0.15,11,5,124,2,-0.0005999846468339544,7.006481661880127e-06
persistence,expanding_k1_history_best_eta0.01,expanding,1.0,history_best,0.01,140,0.08563683710278171,0.08590522689506801,0.10289397448437472,0.08422553882660834,-0.0002683897922862978,-0.017257137381593013,0.04677195476811006,0.0367041008513847,311.5666338346337,0.15,11,5,124,3,-0.0005810287289035885,5.023400740268885e-06
persistence,expanding_k2_global_eta0,expanding,2.0,global,0.0,140,0.04131986075455896,0.042041960304314674,0.05808506264599228,0.04030325542381303,-0.0007220995497557135,-0.01676520189143333,0.048010396983828,0.034629324525289905,310.18104547832706,0.09285714285714286,30,11,99,2,-0.0025321496840728457,0.0007281085335427561
persistence,expanding_k2_global_eta0,expanding,2.0,global,0.0,140,0.04131986075455896,0.042041960304314674,0.05808506264599228,0.04030325542381303,-0.0007220995497557135,-0.01676520189143333,0.048010396983828,0.034629324525289905,310.18104547832706,0.09285714285714286,30,11,99,3,-0.002350678943467092,0.000692539888384063
persistence,expanding_k2_global_eta0.01,expanding,2.0,global,0.01,140,0.08509625809438721,0.08590522689506801,0.10289397448437472,0.08422553882660834,-0.00080896880068078,-0.017797716389987495,0.047680217330625704,0.03465017977323862,311.0226092031757,0.1,28,10,102,2,-0.0025349131314257463,0.0005762644863019611
persistence,expanding_k2_global_eta0.01,expanding,2.0,global,0.01,140,0.08509625809438721,0.08590522689506801,0.10289397448437472,0.08422553882660834,-0.00080896880068078,-0.017797716389987495,0.047680217330625704,0.03465017977323862,311.0226092031757,0.1,28,10,102,3,-0.002363804993375764,0.0005346086330882868
persistence,expanding_k2_history_best_eta0,expanding,2.0,history_best,0.0,140,0.041624178870695035,0.042041960304314674,0.05808506264599228,0.04030325542381303,-0.0004177814336196321,-0.016460883775297253,0.04733857151976159,0.03590978622162847,310.17700918102975,0.15,11,11,118,2,-0.0008281374038761894,-5.698774566883444e-05
persistence,expanding_k2_history_best_eta0,expanding,2.0,history_best,0.0,140,0.041624178870695035,0.042041960304314674,0.05808506264599228,0.04030325542381303,-0.0004177814336196321,-0.016460883775297253,0.04733857151976159,0.03590978622162847,310.17700918102975,0.15,11,11,118,3,-0.0008225697605276539,-5.901203783866674e-05
persistence,expanding_k2_history_best_eta0.01,expanding,2.0,history_best,0.01,140,0.08552279026412075,0.08590522689506801,0.10289397448437472,0.08422553882660834,-0.0003824366309472557,-0.017371184220253973,0.04717473604895422,0.03602683792346371,311.0189239985216,0.15,11,10,119,2,-0.0007751954415053029,-4.820712347424636e-05
persistence,expanding_k2_history_best_eta0.01,expanding,2.0,history_best,0.01,140,0.08552279026412075,0.08590522689506801,0.10289397448437472,0.08422553882660834,-0.0003824366309472557,-0.017371184220253973,0.04717473604895422,0.03602683792346371,311.0189239985216,0.15,11,10,119,3,-0.0007708062085462548,-4.4477796223172465e-05
persistence,recent7_direct_eta0,recent_7d_direct,,not_applicable,0.0,140,0.041872638423806334,0.042041960304314674,0.05808506264599228,0.04030325542381303,-0.000169321880508335,-0.016212424222185957,0.046835579449913324,0.03690969739769934,311.8893421993137,0.15,12,5,123,2,-0.00045497172271346793,7.262495786615624e-05
persistence,recent7_direct_eta0,recent_7d_direct,,not_applicable,0.0,140,0.041872638423806334,0.042041960304314674,0.05808506264599228,0.04030325542381303,-0.000169321880508335,-0.016212424222185957,0.046835579449913324,0.03690969739769934,311.8893421993137,0.15,12,5,123,3,-0.00041048950029942655,5.78845688586045e-05
persistence,recent7_direct_eta0.01,recent_7d_direct,,not_applicable,0.01,140,0.08571464093600285,0.08590522689506801,0.10289397448437472,0.08422553882660834,-0.00019058595906515846,-0.017179333548371874,0.0466822053339725,0.036993811527283975,311.75530524618426,0.16428571428571428,10,4,126,2,-0.0004928686807755629,5.110122707449229e-05
persistence,recent7_direct_eta0.01,recent_7d_direct,,not_applicable,0.01,140,0.08571464093600285,0.08590522689506801,0.10289397448437472,0.08422553882660834,-0.00019058595906515846,-0.017179333548371874,0.0466822053339725,0.036993811527283975,311.75530524618426,0.16428571428571428,10,4,126,3,-0.00045089013083489485,3.901788123875783e-05
