dataset,forecaster,coverage_target,horizon_hours,window,global_macro_user_gap,global_max_audit_group_gap,global_weighted_mean_audit_group_gap,user_macro_user_gap,user_max_audit_group_gap,user_weighted_mean_audit_group_gap,delta_user_gap_user_minus_global,delta_group_gap_user_minus_global,delta_weighted_mean_group_gap_user_minus_global,personalization_conflict,weighted_mean_group_conflict
London,lightgbm_quantile,0.8,1.0,2013-03,0.03546942888085434,0.009987603039670279,0.005447311773018395,0.026555066486722154,0.006601729410097068,0.005182435330483858,-0.008914362394132184,-0.0033858736295732106,-0.0002648764425345366,0,0
London,lightgbm_quantile,0.8,1.0,2013-04,0.03415706610426504,0.006813067044939336,0.003098180868052163,0.031951159574244145,0.012720694160608392,0.005377481345176462,-0.0022059065300208958,0.005907627115669056,0.002279300477124299,1,1
London,lightgbm_quantile,0.8,1.0,2013-05,0.039486520588395746,0.007471970047706278,0.0048907087291822585,0.0393049938498812,0.015575629911690925,0.011704352152543913,-0.00018152673851454942,0.008103659863984647,0.006813643423361654,1,1
London,lightgbm_quantile,0.8,1.0,2013-06,0.0424144679113881,0.006016013849816093,0.0032553787026595575,0.027999585417274618,0.00520722546499075,0.00215690391404645,-0.014414882494113483,-0.000808788384825343,-0.0010984747886131074,0,0
London,lightgbm_quantile,0.8,1.0,2013-07,0.048465310766988366,0.01938254598492828,0.015801719314856213,0.03814374382329026,0.01737352433315753,0.014273917627818874,-0.010321566943698103,-0.002009021651770748,-0.001527801687037339,0,0
London,lightgbm_quantile,0.8,1.0,2013-08,0.04613305600649457,0.005267271085483749,0.0025461780442556045,0.02957028335169795,0.0031495106475163404,0.0014680181754631295,-0.016562772654796616,-0.0021177604379674086,-0.001078159868792475,0,0
London,lightgbm_quantile,0.8,1.0,2013-09,0.04348927244099849,0.015195611579906121,0.014284423902424813,0.03530127088774783,0.02057450132129446,0.01840749629312593,-0.008188001553250661,0.005378889741388337,0.004123072390701116,1,1
London,lightgbm_quantile,0.8,1.0,2013-10,0.04111872413807094,0.01026347928078264,0.006001528229191383,0.028800536809961166,0.009610524661128661,0.00829790783271274,-0.012318187328109773,-0.0006529546196539782,0.0022963796035213565,0,1
London,lightgbm_quantile,0.8,1.0,2013-11,0.041571006717962336,0.009783156833081286,0.006278993447619944,0.033071205210514806,0.011726926340659971,0.010520241180985903,-0.00849980150744753,0.0019437695075786854,0.004241247733365959,1,1
London,lightgbm_quantile,0.8,1.0,2013-12,0.04518514203706499,0.008546953471419538,0.006185225841862216,0.03170927861593038,0.006670183931469786,0.0030435110149700582,-0.013475863421134611,-0.001876769539949752,-0.003141714826892158,0,0
London,lightgbm_quantile,0.8,1.0,2014-01,0.042654698092826605,0.012363416842740671,0.0069904924673157435,0.030452976942874476,0.004503471174162388,0.002626851210141349,-0.01220172114995213,-0.007859945668578283,-0.004363641257174394,0,0
London,lightgbm_quantile,0.8,6.0,2013-03,0.049732829616663365,0.02071821870170021,0.017469407292768992,0.03941789475031321,0.021827092488709843,0.01848860395604285,-0.010314934866350156,0.0011088737870096343,0.001019196663273856,1,1
London,lightgbm_quantile,0.8,6.0,2013-04,0.046927914789341114,0.008033114235793337,0.005755275692549738,0.04205653172098496,0.016501235498597056,0.009110481334410085,-0.004871383068356154,0.008468121262803718,0.003355205641860347,1,1
London,lightgbm_quantile,0.8,6.0,2013-05,0.05488784892689523,0.012658880179081233,0.00839087863779342,0.05066053445383797,0.02251074534840858,0.015136286556116966,-0.004227314473057263,0.009851865169327345,0.006745407918323546,1,1
London,lightgbm_quantile,0.8,6.0,2013-06,0.05906881273980818,0.00909840022639885,0.007408983392363239,0.03879025243595482,0.00968397073787619,0.0055589624642100885,-0.02027856030385336,0.0005855705114773402,-0.0018500209281531507,1,0
London,lightgbm_quantile,0.8,6.0,2013-07,0.0626664477842804,0.018531994880175096,0.016942003704037402,0.04925861554565484,0.02228331307406839,0.015590312476042758,-0.013407832238625565,0.003751318193893294,-0.0013516912279946443,1,0
London,lightgbm_quantile,0.8,6.0,2013-08,0.062429938189863705,0.0065079518382589185,0.003774467627446764,0.03799224521569961,0.003721589079904719,0.0027801677780168003,-0.024437692974164094,-0.0027863627583541994,-0.0009942998494299636,0,0
London,lightgbm_quantile,0.8,6.0,2013-09,0.061941975068899695,0.02708197215660657,0.01966082662912593,0.049126349740063496,0.033963268565344706,0.02725838796063781,-0.012815625328836198,0.006881296408738136,0.00759756133151188,1,1
London,lightgbm_quantile,0.8,6.0,2013-10,0.06269577457293654,0.014529301268149553,0.009070643173204886,0.040438321614638395,0.014996896137505211,0.012637175618425495,-0.022257452958298146,0.00046759486935565864,0.0035665324452206094,1,1
London,lightgbm_quantile,0.8,6.0,2013-11,0.06160093092620941,0.018670412531418212,0.008633313632096806,0.046409518100266126,0.015527554197633298,0.013705107255849575,-0.015191412825943287,-0.0031428583337849147,0.00507179362375277,0,1
London,lightgbm_quantile,0.8,6.0,2013-12,0.06340913627837705,0.012382037949242641,0.008931951584065284,0.042763976042902184,0.006763358963101984,0.00442211785408221,-0.020645160235474865,-0.005618678986140657,-0.004509833729983074,0,0
London,lightgbm_quantile,0.8,6.0,2014-01,0.06623585538230234,0.017208239091414,0.012598177227728134,0.0390650089740265,0.006590673074600817,0.00510306253734629,-0.027170846408275842,-0.010617566016813185,-0.0074951146903818435,0,0
London,lightgbm_quantile,0.9,1.0,2013-03,0.023966310518511884,0.008734128510965777,0.005795953709816456,0.015098211672673731,0.003999513983110936,0.0022907106352597615,-0.008868098845838153,-0.004734614527854841,-0.0035052430745566945,0,0
London,lightgbm_quantile,0.9,1.0,2013-04,0.02248072877409413,0.009609879502030516,0.005988584040171273,0.018606934348432237,0.007438272638949361,0.004352769002625318,-0.0038737944256618945,-0.0021716068630811547,-0.0016358150375459556,0,0
London,lightgbm_quantile,0.9,1.0,2013-05,0.024692242491893564,0.012391304347826093,0.007449018698186657,0.021797527530716523,0.005505144616381741,0.003964876185865751,-0.0028947149611770404,-0.006886159731444352,-0.003484142512320906,0,0
London,lightgbm_quantile,0.9,1.0,2013-06,0.02685605453034099,0.0068960489867326835,0.0040219472481816025,0.016791687433949567,0.00631516359464368,0.003848694135952244,-0.010064367096391424,-0.0005808853920890034,-0.00017325311222935857,0,0
London,lightgbm_quantile,0.9,1.0,2013-07,0.02924065636990978,0.01318369662101937,0.009399746083663273,0.021578158732877335,0.013021635199740644,0.007192771991736939,-0.007662497637032445,-0.00016206142127872525,-0.002206974091926334,0,0
London,lightgbm_quantile,0.9,1.0,2013-08,0.03020464631376254,0.008118351629217813,0.00374398408302634,0.01687874494114844,0.0055856363599766645,0.003907724571828031,-0.013325901372614097,-0.002532715269241148,0.00016374048880169086,0,1
London,lightgbm_quantile,0.9,1.0,2013-09,0.030594536453522198,0.010342647774390645,0.008674293956857142,0.02157959824707769,0.017601484205192253,0.011418839953363619,-0.009014938206444507,0.007258836430801607,0.0027445459965064773,1,1
London,lightgbm_quantile,0.9,1.0,2013-10,0.027782101615026405,0.012445234438922537,0.008338804106846922,0.018385541291417205,0.011844677412203852,0.009922189457371023,-0.0093965603236092,-0.0006005570267186844,0.0015833853505241007,0,1
London,lightgbm_quantile,0.9,1.0,2013-11,0.027646263093399036,0.015030090333820523,0.010476855302533079,0.022798738972332307,0.01755541688827844,0.013562536850185256,-0.0048475241210667284,0.0025253265544579184,0.003085681547652177,1,1
London,lightgbm_quantile,0.9,1.0,2013-12,0.02791818968681387,0.007926614279172184,0.007466449273022767,0.018277562834566444,0.006046176104656187,0.003950752806207606,-0.009640626852247425,-0.001880438174515997,-0.0035156964668151608,0,0
London,lightgbm_quantile,0.9,1.0,2014-01,0.02637318166802099,0.009037126471476031,0.0044200270490314456,0.017862707384371356,0.00513733776033809,0.0034403407370524404,-0.008510474283649636,-0.0038997887111379415,-0.0009796863119790051,0,0
London,lightgbm_quantile,0.9,6.0,2013-03,0.030639755955971987,0.014805889143158057,0.009859450359878627,0.023222841998358484,0.01495980072500458,0.010730742494181301,-0.007416913957613503,0.00015391158184652198,0.0008712921343026741,1,1
London,lightgbm_quantile,0.9,6.0,2013-04,0.027781162010367223,0.011184251588447491,0.006911807015910112,0.023793782811853494,0.0049511294933195504,0.0041598156443759795,-0.003987379198513729,-0.006233122095127941,-0.002751991371534132,0,0
London,lightgbm_quantile,0.9,6.0,2013-05,0.029907888279313958,0.009516198512804608,0.004582600989487842,0.02204411417075372,0.0036633531820322585,0.003033416395805862,-0.007863774108560238,-0.005852845330772349,-0.0015491845936819802,0,0
London,lightgbm_quantile,0.9,6.0,2013-06,0.03272813585203096,0.006559849355929903,0.0032031894227306248,0.020016587574622092,0.0026119092407318467,0.002071817634437299,-0.012711548277408866,-0.003947940115198056,-0.001131371788293326,0,0
London,lightgbm_quantile,0.9,6.0,2013-07,0.037606331329301995,0.005951393864260246,0.004567909370784357,0.026718637257345777,0.007570234618870186,0.006375544207027984,-0.010887694071956219,0.0016188407546099404,0.0018076348362436262,1,1
London,lightgbm_quantile,0.9,6.0,2013-08,0.03831507142528771,0.0019139141072692656,0.0013215207571520265,0.020179067642467106,0.0036507399713351374,0.0019756936975693557,-0.0181360037828206,0.0017368258640658718,0.0006541729404173293,1,1
London,lightgbm_quantile,0.9,6.0,2013-09,0.03651896052667216,0.013057244810775526,0.00951494844859386,0.027291218643264656,0.01857733996749933,0.014064869026492127,-0.009227741883407505,0.005520095156723803,0.004549920577898266,1,1
London,lightgbm_quantile,0.9,6.0,2013-10,0.03523580646019546,0.01264199163166424,0.008535057897293067,0.023000792190383357,0.013319197994179244,0.011808303253468695,-0.012235014269812102,0.0006772063625150038,0.003273245356175628,1,1
London,lightgbm_quantile,0.9,6.0,2013-11,0.03404583289830129,0.013951539958901082,0.008704933421409454,0.028529276890452315,0.01883352668456384,0.01471126099502836,-0.005516556007848977,0.004881986725662757,0.006006327573618906,1,1
London,lightgbm_quantile,0.9,6.0,2013-12,0.03488488343850053,0.007979329705694038,0.005965890363227152,0.023987817101570965,0.006255462604569884,0.00447875647947222,-0.010897066336929568,-0.0017238671011241546,-0.001487133883754932,0,0
London,lightgbm_quantile,0.9,6.0,2014-01,0.036546719833398626,0.011282468185806138,0.004589768573597279,0.021631133223385376,0.004657827581487806,0.002826750501989115,-0.01491558661001325,-0.006624640604318333,-0.0017630180716081642,0,0
Ausgrid,lightgbm_quantile,0.8,1.0,2012-07,0.03921719351242493,0.01448252688172047,0.00965269536447663,0.026949149494731556,0.01707661290322582,0.008958175998849238,-0.012268044017693377,0.0025940860215053485,-0.0006945193656273923,1,0
Ausgrid,lightgbm_quantile,0.8,1.0,2012-08,0.03799537886143775,0.010076572173346343,0.007128151184953389,0.02584780810587261,0.011196236559139705,0.008285683460998996,-0.012147570755565142,0.001119664385793362,0.0011575322760456076,1,1
Ausgrid,lightgbm_quantile,0.8,1.0,2012-09,0.040674934968413214,0.02041666666666664,0.01521042363433663,0.035374860646599754,0.02068055555555548,0.014276755852842762,-0.00530007432181346,0.0002638888888888413,-0.0009336677814938688,1,0
Ausgrid,lightgbm_quantile,0.8,1.0,2012-10,0.03663466033732513,0.004233870967741971,0.0029075412665875914,0.027394181321250047,0.008346909959813242,0.00485399359873418,-0.009240479016075085,0.004113038992071272,0.0019464523321465889,1,1
Ausgrid,lightgbm_quantile,0.8,1.0,2012-11,0.03705174656261614,0.009388888888888891,0.006816703827573432,0.02535535117056858,0.009166666666666656,0.00677489780750655,-0.01169639539204756,-0.00022222222222223476,-4.180602006688232e-05,0,0
Ausgrid,lightgbm_quantile,0.8,1.0,2012-12,0.03976786420685438,0.0027397632236342284,0.0019050958391771814,0.025716546193404542,0.006439393939393967,0.004898946308483456,-0.014051318013449839,0.0036996307157597386,0.0029938504693062746,1,1
Ausgrid,lightgbm_quantile,0.8,1.0,2013-01,0.0436306505556155,0.009901433691756334,0.006753245585643956,0.02799564857769627,0.010682089714347809,0.00608120257489125,-0.015635001977919227,0.0007806560225914749,-0.0006720430107527058,1,0
Ausgrid,lightgbm_quantile,0.8,1.0,2013-02,0.04267399267399266,0.010148809523809477,0.00693581780538298,0.029577261506609318,0.006614583333333313,0.0047036749482401675,-0.013096731167383344,-0.003534226190476164,-0.002232142857142813,0,0
Ausgrid,lightgbm_quantile,0.8,1.0,2013-03,0.040812565181429124,0.008649193548387002,0.006779767684395923,0.024473603768835183,0.009132996632996604,0.004979411658934758,-0.01633896141259394,0.000483803084609602,-0.0018003560254611648,1,0
Ausgrid,lightgbm_quantile,0.8,1.0,2013-04,0.04022435897435898,0.007147867564534227,0.005743682645856589,0.02930602006688964,0.009652777777777843,0.008663136380527727,-0.010918338907469335,0.0025049102132436163,0.002919453734671139,1,1
Ausgrid,lightgbm_quantile,0.8,1.0,2013-05,0.04190311791994822,0.014180107526881813,0.011632862228935226,0.03089419930233396,0.01881048387096773,0.01645179271406482,-0.011008918617614258,0.004630376344085918,0.004818930485129595,1,1
Ausgrid,lightgbm_quantile,0.8,1.0,2013-06,0.04273272017837236,0.015270833333333345,0.01190310293571164,0.030309364548495,0.020770833333333405,0.01458101077666301,-0.012423355629877359,0.00550000000000006,0.0026779078409513695,1,1
Ausgrid,lightgbm_quantile,0.8,6.0,2012-07,0.05788830150681484,0.03245967741935485,0.01695076779228258,0.040940680404214766,0.02938844086021508,0.017074387744093266,-0.016947621102600077,-0.0030712365591397672,0.00012361995181068772,0,1
Ausgrid,lightgbm_quantile,0.8,6.0,2012-08,0.05737988635954974,0.009455645161290382,0.007325943107850541,0.03580977811342468,0.0035954301075268313,0.002381145035422715,-0.021570108246125062,-0.005860215053763551,-0.004944798072427826,0,0
Ausgrid,lightgbm_quantile,0.8,6.0,2012-09,0.0620656819026384,0.027972222222222176,0.020055276848755084,0.05002787068004458,0.03024305555555551,0.01695001858045335,-0.01203781122259382,0.002270833333333333,-0.0031052582683017346,1,0
Ausgrid,lightgbm_quantile,0.8,6.0,2012-10,0.052764142122487145,0.011408439231019973,0.0069600280504909535,0.038522224619700084,0.012833985011404425,0.010403405617290676,-0.014241917502787062,0.0014255457803844518,0.0034433775667997227,1,1
Ausgrid,lightgbm_quantile,0.8,6.0,2012-11,0.05178372352285396,0.012631944444444487,0.011533816425120842,0.039183853586027516,0.020652777777777853,0.014104886659234555,-0.012599869936826442,0.008020833333333366,0.0025710702341137127,1,1
Ausgrid,lightgbm_quantile,0.8,6.0,2012-12,0.052526791815010604,0.008178763440860215,0.005440626460963068,0.03776522098752112,0.00416530900401868,0.0021995360880353457,-0.014761570827489481,-0.004013454436841535,-0.003241090372927722,0,0
Ausgrid,lightgbm_quantile,0.8,6.0,2013-01,0.05664535908224548,0.02305718475073315,0.017339608731614355,0.04192154853094546,0.020918866080156473,0.01843195957852342,-0.014723810551300023,-0.0021383186705766777,0.001092350846909066,0,1
Ausgrid,lightgbm_quantile,0.8,6.0,2013-02,0.062291965281095686,0.01912202380952377,0.017765567765567696,0.04236691750278705,0.022683682058681987,0.018096532091097288,-0.019925047778308634,0.003561658249158217,0.00033096432552959243,1,1
Ausgrid,lightgbm_quantile,0.8,6.0,2013-03,0.05967247455676626,0.01750672043010748,0.011012065307296693,0.03398919336857625,0.012607526881720399,0.011794242456935231,-0.025683281188190014,-0.004899193548387082,0.0007821771496385379,0,1
Ausgrid,lightgbm_quantile,0.8,6.0,2013-04,0.05816610925306577,0.013145342312009034,0.00866313638052776,0.04352471200297288,0.015354166666666669,0.014371980676328519,-0.014641397250092891,0.0022088243546576347,0.005708844295800758,1,1
Ausgrid,lightgbm_quantile,0.8,6.0,2013-05,0.06894531952386089,0.024156891495601185,0.016831643111446786,0.04975860394864603,0.025657108721624855,0.020319973387995884,-0.019186715575214862,0.0015002172260236701,0.0034883302765490974,1,1
Ausgrid,lightgbm_quantile,0.8,6.0,2013-06,0.06966508732813081,0.030875000000000097,0.022382478632478678,0.043243682645856575,0.03140972222222227,0.024314845782237138,-0.02642140468227424,0.0005347222222221726,0.00193236714975846,1,1
Ausgrid,lightgbm_quantile,0.9,1.0,2012-07,0.02597547380156076,0.011531986531986504,0.006866076887114759,0.017748228863235873,0.009475806451612945,0.00605692811162659,-0.008227244938324888,-0.0020561800803735597,-0.0008091487754881685,0,0
Ausgrid,lightgbm_quantile,0.9,1.0,2012-08,0.023410921710360688,0.012096774193548376,0.00849651166972342,0.017985129643614896,0.008689516129032238,0.007269302693566331,-0.005425792066745792,-0.0034072580645161388,-0.0012272089761570897,0,0
Ausgrid,lightgbm_quantile,0.9,1.0,2012-09,0.028555834262355983,0.023520833333333324,0.019130899293942755,0.025148643626904478,0.01954166666666668,0.017512077294685978,-0.003407190635451505,-0.003979166666666645,-0.0016188219992567775,0,0
Ausgrid,lightgbm_quantile,0.9,1.0,2012-10,0.023774139605135393,0.006202956989247332,0.0038924551371956797,0.01719396195202646,0.004213709677419297,0.002729079008882645,-0.0065801776531089345,-0.001989247311828035,-0.0011633761283130345,0,0
Ausgrid,lightgbm_quantile,0.9,1.0,2012-11,0.02325575994054255,0.004545454545454519,0.0021901709401709268,0.016829245633593455,0.0069722222222222685,0.0037904124860646937,-0.006426514306949096,0.0024267676767677493,0.001600241545893767,1,1
Ausgrid,lightgbm_quantile,0.9,1.0,2012-12,0.024016434710684348,0.0066397849462365155,0.005373646923436518,0.01661766821303987,0.0034946236559139088,0.0027866184773617875,-0.007398766497644479,-0.0031451612903226067,-0.002587028446074731,0,0
Ausgrid,lightgbm_quantile,0.9,1.0,2013-01,0.02614269788182832,0.015727164114260894,0.008349516308843136,0.0179181501060884,0.010140382317801677,0.008201172366670277,-0.008224547775739922,-0.005586781796459217,-0.00014834394217285926,0,0
Ausgrid,lightgbm_quantile,0.9,1.0,2013-02,0.024575967510750113,0.008660714285714244,0.006195254021340943,0.017601329829590687,0.008143939393939426,0.0053690874343048514,-0.006974637681159426,-0.0005167748917748183,-0.0008261665870360913,0,0
Ausgrid,lightgbm_quantile,0.9,1.0,2013-03,0.024221419067141356,0.008918010752688166,0.005908584169453744,0.015180080555255854,0.005248655913978495,0.004792408386377519,-0.009041338511885502,-0.003669354838709671,-0.001116175783076225,0,0
Ausgrid,lightgbm_quantile,0.9,1.0,2013-04,0.025039483463396503,0.009048821548821584,0.00350473801560762,0.018949739873652914,0.005229166666666729,0.004489502043849897,-0.006089743589743589,-0.003819654882154855,0.000984764028242277,0,1
Ausgrid,lightgbm_quantile,0.9,1.0,2013-05,0.028350325457618595,0.014450961225154768,0.011048926529291205,0.02024535188981192,0.014254032258064542,0.011066907613190935,-0.008104973567806675,-0.00019692896709022634,1.7981083899729425e-05,0,1
Ausgrid,lightgbm_quantile,0.9,1.0,2013-06,0.03147761055369752,0.021317340067340096,0.01788600891861764,0.024547101449275376,0.021673611111111102,0.01807645856558899,-0.006930509104422146,0.00035627104377100594,0.00019044964697135028,1,1
Ausgrid,lightgbm_quantile,0.9,6.0,2012-07,0.03215332470241306,0.011807795698924761,0.009444114791239614,0.023197845866148804,0.01277553763440864,0.009426133707339902,-0.008955478836264259,0.000967741935483879,-1.7981083899712078e-05,1,0
Ausgrid,lightgbm_quantile,0.9,6.0,2012-08,0.02902821232063867,0.007889784946236489,0.005026162477074056,0.021006850792965784,0.006450255240577851,0.004199032617686184,-0.008021361527672886,-0.0014395297056586376,-0.0008271298593878719,0,0
Ausgrid,lightgbm_quantile,0.9,6.0,2012-09,0.03576505016722406,0.02575694444444443,0.0188939985135637,0.030267558528428072,0.019993055555555528,0.014395206243032335,-0.0054974916387959885,-0.005763888888888902,-0.004498792270531366,0,0
Ausgrid,lightgbm_quantile,0.9,6.0,2012-10,0.03015068148307979,0.0056720430107526365,0.004933110367892981,0.02083872765850325,0.0047647849462365555,0.0037171395691732337,-0.00931195382457654,-0.000907258064516081,-0.0012159707987197473,0,0
Ausgrid,lightgbm_quantile,0.9,6.0,2012-11,0.029598662207357847,0.00836840628507296,0.004157376439985162,0.024133686361947227,0.013652777777777847,0.008790876997398752,-0.00546497584541062,0.005284371492704887,0.00463350055741359,1,1
Ausgrid,lightgbm_quantile,0.9,6.0,2012-12,0.030865879095191857,0.009108558705332892,0.004036303808393568,0.023324612507641958,0.005958781362007226,0.005160121552127216,-0.007541266587549899,-0.003149777343325666,0.0011238177437336476,0,1
Ausgrid,lightgbm_quantile,0.9,6.0,2013-01,0.03508019563419284,0.022915987835342655,0.015861114107958433,0.02795114539504442,0.018212365591397828,0.017216438306901134,-0.007129050239148418,-0.004703622243944827,0.0013553241989427006,0,1
Ausgrid,lightgbm_quantile,0.9,6.0,2013-02,0.03398281971651536,0.019962797619047623,0.016201325848064975,0.026110845676063053,0.017831589706589712,0.014626134734830381,-0.007871974040452305,-0.002131207912457911,-0.0015751911132345937,0,0
Ausgrid,lightgbm_quantile,0.9,6.0,2013-03,0.03264375876577839,0.011841397849462365,0.0089842485705038,0.020801866436508776,0.010597914630172678,0.008820171179918679,-0.011841892329269611,-0.0012434832192896872,-0.00016407739058512186,0,0
Ausgrid,lightgbm_quantile,0.9,6.0,2013-04,0.03123374210330731,0.006341189674523018,0.002926421404682273,0.02631224451876625,0.008873456790123524,0.007155797101449303,-0.004921497584541058,0.002532267115600506,0.00422937569676703,1,1
Ausgrid,lightgbm_quantile,0.9,6.0,2013-05,0.04023896860502751,0.015218040621266415,0.01317743733592263,0.027755151580537273,0.014442204301075345,0.011903028014528758,-0.012483817024490234,-0.0007758363201910701,-0.0012744093213938722,0,0
Ausgrid,lightgbm_quantile,0.9,6.0,2013-06,0.04265839836492011,0.026816778900112248,0.0241708472686734,0.03166573764399853,0.027013888888888893,0.0235600148643627,-0.01099266072092158,0.00019710998877664476,-0.0006108324043106982,1,0
UCI Electricity,lightgbm_quantile,0.8,1.0,2014-01,0.04223919830440908,0.016794506842625512,0.009619991869373169,0.02783555609935151,0.012935349814644281,0.008423092558897682,-0.01440364220505757,-0.0038591570279812304,-0.0011968993104754869,0,0
UCI Electricity,lightgbm_quantile,0.8,1.0,2014-02,0.04200497353711141,0.019292958600952148,0.011460113368675393,0.027289990428781823,0.014518681666512712,0.010626455895914043,-0.01471498310832959,-0.0047742769344394365,-0.0008336574727613507,0,0
UCI Electricity,lightgbm_quantile,0.8,1.0,2014-03,0.045641234118636104,0.013719864938254167,0.00993830985581955,0.03246823727221418,0.013787749994097043,0.00856340507493209,-0.013172996846421925,6.788505584287563e-05,-0.0013749047808874603,1,0
UCI Electricity,lightgbm_quantile,0.8,1.0,2014-04,0.047730025817871835,0.01306395334650956,0.010151766668434122,0.03358158733007314,0.010447014615816319,0.007842025622096542,-0.014148438487798697,-0.0026169387306932412,-0.00230974104633758,0,0
UCI Electricity,lightgbm_quantile,0.8,1.0,2014-05,0.04373981204832592,0.018082217657198196,0.016658904417772152,0.028773341016644107,0.009699889022691366,0.006759076897573875,-0.014966471031681815,-0.00838232863450683,-0.009899827520198277,0,0
UCI Electricity,lightgbm_quantile,0.8,1.0,2014-06,0.0399302142516284,0.022248821494947446,0.012493933004050129,0.026560594504423295,0.008989870395214594,0.007938689692020925,-0.013369619747205103,-0.013258951099732852,-0.004555243312029203,0,0
UCI Electricity,lightgbm_quantile,0.8,1.0,2014-07,0.04415739472614391,0.02467335246965774,0.015364319178412042,0.029553249685234224,0.009314665491489849,0.0071174559821284,-0.014604145040909688,-0.01535868697816789,-0.008246863196283642,0,0
UCI Electricity,lightgbm_quantile,0.8,1.0,2014-08,0.04210934508985131,0.025316523541252245,0.01133847483649946,0.026528340760095182,0.009133786687445355,0.006609489151928231,-0.015581004329756131,-0.01618273685380689,-0.0047289856845712285,0,0
UCI Electricity,lightgbm_quantile,0.8,1.0,2014-09,0.04061012566329089,0.024922766379066208,0.009822007594451357,0.028971690071335633,0.01577727350364777,0.0063710595116220825,-0.011638435591955258,-0.009145492875418437,-0.0034509480828292744,0,0
UCI Electricity,lightgbm_quantile,0.8,1.0,2014-10,0.04507919467325537,0.01804089631885908,0.01174165130662334,0.03413935736472966,0.021560523588894598,0.012341778397003523,-0.010939837308525713,0.003519627270035519,0.0006001270903801832,1,1
UCI Electricity,lightgbm_quantile,0.8,1.0,2014-11,0.04283972118329873,0.0210056986719509,0.010299821762875251,0.036244335771008114,0.01373069321425957,0.008392847674556139,-0.006595385412290614,-0.00727500545769133,-0.001906974088319113,0,0
UCI Electricity,lightgbm_quantile,0.8,1.0,2014-12,0.04785130425515959,0.018601685910604293,0.011332159786551369,0.04078969699600969,0.018332757655522336,0.011858085040041365,-0.0070616072591499005,-0.00026892825508195717,0.0005259252534899964,0,1
UCI Electricity,lightgbm_quantile,0.8,6.0,2014-01,0.08439588648085894,0.0382035877880903,0.026210174125201637,0.05882626421572133,0.01838955450958013,0.012218963831867017,-0.025569622265137606,-0.019814033278510168,-0.01399121029333462,0,0
UCI Electricity,lightgbm_quantile,0.8,6.0,2014-02,0.08921230614779002,0.03348016157750677,0.01487257051773182,0.055421917518691716,0.025831094252146913,0.012689008656750602,-0.033790388629098306,-0.0076490673253598596,-0.002183561860981219,0,0
UCI Electricity,lightgbm_quantile,0.8,6.0,2014-03,0.08026667143504279,0.028514641341103708,0.019739686399796584,0.06694204038814583,0.03696690914277567,0.026485945211358317,-0.013324631046896962,0.008452267801671964,0.0067462588115617325,1,1
UCI Electricity,lightgbm_quantile,0.8,6.0,2014-04,0.07379083598248683,0.016693934210852412,0.009851359898798191,0.060518987653712504,0.01822153640217139,0.008904441542012715,-0.013271848328774323,0.0015276021913189775,-0.0009469183567854759,1,0
UCI Electricity,lightgbm_quantile,0.8,6.0,2014-05,0.07476575352263785,0.01840084628916472,0.013026806221141406,0.05372867145093738,0.01856130842010184,0.011075546972478565,-0.02103708207170047,0.00016046213093712236,-0.0019512592486628406,1,0
UCI Electricity,lightgbm_quantile,0.8,6.0,2014-06,0.07866384090293008,0.022826033068094498,0.01721128334031561,0.05018194961268965,0.015677060297803358,0.012042353598330854,-0.028481891290240424,-0.00714897277029114,-0.005168929741984756,0,0
UCI Electricity,lightgbm_quantile,0.8,6.0,2014-07,0.08219885717918761,0.044266374079669935,0.028761255354489042,0.05484308068887141,0.029181355972851764,0.021547099635219242,-0.027355776490316203,-0.015085018106818171,-0.0072141557192698,0,0
UCI Electricity,lightgbm_quantile,0.8,6.0,2014-08,0.08267668820383217,0.039292994699858474,0.024883969514181967,0.04861121045228048,0.005587647981743049,0.004470352621414797,-0.03406547775155169,-0.033705346718115425,-0.020413616892767168,0,0
UCI Electricity,lightgbm_quantile,0.8,6.0,2014-09,0.08220446536385814,0.05657271758260818,0.026406310324716378,0.04936235491263954,0.015646612627351786,0.009974576340800175,-0.032842110451218605,-0.04092610495525639,-0.016431733983916202,0,0
UCI Electricity,lightgbm_quantile,0.8,6.0,2014-10,0.08181162530100375,0.046541149622022604,0.024289909321380643,0.06558384792059063,0.03632395615991557,0.01929682346676839,-0.016227777380413116,-0.010217193462107033,-0.004993085854612254,0,0
UCI Electricity,lightgbm_quantile,0.8,6.0,2014-11,0.08999605707385593,0.015210206889773481,0.009479040883215448,0.07322342426706753,0.03593862323690544,0.01516589040308207,-0.016772632806788396,0.02072841634713196,0.005686849519866623,1,1
UCI Electricity,lightgbm_quantile,0.8,6.0,2014-12,0.09838828886822594,0.05881947415965394,0.03973607038123172,0.08479106565259202,0.0793876058229609,0.045584285021735844,-0.013597223215633919,0.020568131663306954,0.005848214640504126,1,1
UCI Electricity,lightgbm_quantile,0.9,1.0,2014-01,0.03652822235290867,0.012906895032098964,0.005704463556241397,0.019399044059314106,0.008231210597152372,0.006708951188610781,-0.01712917829359456,-0.004675684434946592,0.0010044876323693844,0,1
UCI Electricity,lightgbm_quantile,0.9,1.0,2014-02,0.03769180677502392,0.016265513102884377,0.006508865395457407,0.020218433554330867,0.012922200387745164,0.00689258820598659,-0.017473373220693054,-0.003343312715139213,0.00038372281052918237,0,1
UCI Electricity,lightgbm_quantile,0.9,1.0,2014-03,0.03892932275036212,0.016517319543812414,0.012414006780784876,0.023300758200684394,0.011116030318056302,0.006018834636470216,-0.015628564549677728,-0.005401289225756112,-0.00639517214431466,0,0
UCI Electricity,lightgbm_quantile,0.9,1.0,2014-04,0.03854326838758622,0.01361113144474535,0.010355699305405438,0.024182943889974266,0.0068162516769849635,0.004163692649044165,-0.014360324497611952,-0.006794879767760387,-0.006192006656361273,0,0
UCI Electricity,lightgbm_quantile,0.9,1.0,2014-05,0.03681259694588397,0.015059266605275012,0.011715404380276535,0.020424450294636555,0.006142712096526615,0.004079916957093209,-0.016388146651247416,-0.008916554508748398,-0.007635487423183326,0,0
UCI Electricity,lightgbm_quantile,0.9,1.0,2014-06,0.03392215483381529,0.013946636410218871,0.009813238491061624,0.018856631277556404,0.006754629968523607,0.0035539340644998776,-0.015065523556258887,-0.0071920064416952645,-0.006259304426561746,0,0
UCI Electricity,lightgbm_quantile,0.9,1.0,2014-07,0.03672931722469343,0.022715520294680158,0.012398219155914639,0.022307124560413324,0.01288104176997007,0.0066927688731188584,-0.014422192664280103,-0.009834478524710089,-0.005705450282795781,0,0
UCI Electricity,lightgbm_quantile,0.9,1.0,2014-08,0.03471205345689781,0.012555533057801993,0.007059633806041113,0.01901047114219519,0.0035264810748270037,0.0018177476584978623,-0.01570158231470262,-0.00902905198297499,-0.005241886147543251,0,0
UCI Electricity,lightgbm_quantile,0.9,1.0,2014-09,0.03176271214092561,0.017400027077922875,0.00777656324562868,0.02122999930662903,0.011658492545689625,0.006130826865269829,-0.01053271283429658,-0.00574153453223325,-0.0016457363803588513,0,0
UCI Electricity,lightgbm_quantile,0.9,1.0,2014-10,0.03180791986201616,0.007172794030837593,0.006093036473360374,0.023422717602807046,0.00888945794971352,0.004810686643274662,-0.00838520225920911,0.001716663918875927,-0.0012823498300857123,1,0
UCI Electricity,lightgbm_quantile,0.9,1.0,2014-11,0.03593109524062011,0.02213558654473391,0.010682603322470483,0.026529188878329706,0.011139984871776032,0.007324852454737112,-0.009401906362290404,-0.010995601672957878,-0.003357750867733371,0,0
UCI Electricity,lightgbm_quantile,0.9,1.0,2014-12,0.038206052185994016,0.016620622889660264,0.011448790865280275,0.03132837075658246,0.016333567574649543,0.012829221314872387,-0.0068776814294115585,-0.00028705531501072024,0.001380430449592112,0,1
UCI Electricity,lightgbm_quantile,0.9,6.0,2014-01,0.055121037280754036,0.01088027915677392,0.009585429432006916,0.03809813318074529,0.010895972994817593,0.007571783928982936,-0.017022904100008743,1.5693838043673303e-05,-0.0020136455030239798,1,0
UCI Electricity,lightgbm_quantile,0.9,6.0,2014-02,0.06390518084066471,0.006110057425846915,0.005248870571451228,0.040197969230227296,0.01757481165375907,0.010736396220267192,-0.023707211610437415,0.011464754227912155,0.0054875256488159645,1,1
UCI Electricity,lightgbm_quantile,0.9,6.0,2014-03,0.05736972399049503,0.0109773926686636,0.00778814899585951,0.04506214783555461,0.023398350211572327,0.017783857457342928,-0.012307576154940422,0.012420957542908728,0.009995708461483416,1,1
UCI Electricity,lightgbm_quantile,0.9,6.0,2014-04,0.055143054289164335,0.015021318261817962,0.007481291636889346,0.03843367258927031,0.008162563270922463,0.003129697626851339,-0.016709381699894027,-0.006858754990895499,-0.004351594010038007,0,0
UCI Electricity,lightgbm_quantile,0.9,6.0,2014-05,0.05452578499392032,0.014115523898601823,0.00833571752139811,0.03674828537141677,0.013844910378928321,0.005900865460267511,-0.01777749962250355,-0.00027061351967350156,-0.0024348520611305992,0,0
UCI Electricity,lightgbm_quantile,0.9,6.0,2014-06,0.056323673164280365,0.01476301046734485,0.013930645572011785,0.03379950220557431,0.010536758563074344,0.006974461338787732,-0.022524170958706055,-0.004226251904270506,-0.006956184233224054,0,0
UCI Electricity,lightgbm_quantile,0.9,6.0,2014-07,0.06238923459615828,0.023303834808259594,0.022255402172790057,0.041005451843374736,0.022726786478391103,0.015059127864005886,-0.02138378275278354,-0.0005770483298684903,-0.007196274308784171,0,0
UCI Electricity,lightgbm_quantile,0.9,6.0,2014-08,0.0604890367085489,0.025135501355013523,0.017636037797328138,0.03652337696397492,0.01026719916321972,0.0041929920765483505,-0.023965659744573986,-0.014868302191793803,-0.013443045720779787,0,0
UCI Electricity,lightgbm_quantile,0.9,6.0,2014-09,0.057248412561505535,0.03673000173520735,0.01607235269474359,0.03368491091451242,0.009037299130178367,0.005744761247607547,-0.023563501646993112,-0.027692702605028985,-0.010327591447136044,0,0
UCI Electricity,lightgbm_quantile,0.9,6.0,2014-10,0.062022864363541,0.03532900679883999,0.018989064524076366,0.04734302108416978,0.028771254526704593,0.018326260242074573,-0.014679843279371219,-0.006557752272135398,-0.0006628042820017929,0,0
UCI Electricity,lightgbm_quantile,0.9,6.0,2014-11,0.06355996944232237,0.016837088817827972,0.006460648775639305,0.04935701553348612,0.019134379415483016,0.009475549750692074,-0.014202953908836247,0.002297290597655044,0.0030149009750527695,1,1
UCI Electricity,lightgbm_quantile,0.9,6.0,2014-12,0.06844864856273196,0.04202681500499217,0.031634003290179555,0.06402975466704815,0.0633360913255151,0.043128769997377435,-0.004418893895683812,0.02130927632052293,0.01149476670719788,1,1
London,persistence_quantile_interval,0.8,1.0,2013-03,0.04187984813849804,0.021669765682226116,0.014252992840839767,0.028970855169194346,0.00751088680141343,0.005847767702320823,-0.01290899296930369,-0.014158878880812686,-0.008405225138518943,0,0
London,persistence_quantile_interval,0.8,1.0,2013-04,0.04046134046411582,0.029389405042128613,0.02442414046513304,0.037581724341950104,0.02812159967859107,0.021366503805722612,-0.0028796161221657166,-0.0012678053635375441,-0.003057636659410428,0,0
London,persistence_quantile_interval,0.8,1.0,2013-05,0.04667015776071783,0.035327497736190705,0.03245846680368797,0.04497049913593352,0.03866892857576654,0.029964929166056115,-0.0016996586247843143,0.003341430839575832,-0.002493537637631854,1,0
London,persistence_quantile_interval,0.8,1.0,2013-06,0.04681511954083052,0.02732750324281341,0.017340420506864358,0.03834160009568362,0.026858864387631187,0.01648462485308371,-0.008473519445146904,-0.00046863885518222403,-0.0008557956537806471,0,0
London,persistence_quantile_interval,0.8,1.0,2013-07,0.059561988672593914,0.043215225754201225,0.027765835743025283,0.04537890916960232,0.03435918202065191,0.025159200990494263,-0.014183079502991594,-0.008856043733549313,-0.00260663475253102,0,0
London,persistence_quantile_interval,0.8,1.0,2013-08,0.05958204435741267,0.034206477732793505,0.02155947148406521,0.03511949141297309,0.012696700660833726,0.008931274110515214,-0.02446255294443958,-0.02150977707195978,-0.012628197373549997,0,0
London,persistence_quantile_interval,0.8,1.0,2013-09,0.06031607729110708,0.04993657698721976,0.02822943377775065,0.05313851038900057,0.04469709967234792,0.03472622358291642,-0.007177566902106511,-0.005239477314871843,0.006496789805165767,0,1
London,persistence_quantile_interval,0.8,1.0,2013-10,0.05488314962448396,0.04250424591707791,0.02990659985560426,0.047322798816848644,0.04358504620216219,0.035659575497889874,-0.007560350807635313,0.0010808002850842824,0.005752975642285614,1,1
London,persistence_quantile_interval,0.8,1.0,2013-11,0.055132966047029164,0.03587268566673607,0.03308965317951201,0.05163152585221127,0.0498232106617571,0.038870457740804366,-0.0035014401948178925,0.01395052499502103,0.005780804561292353,1,1
London,persistence_quantile_interval,0.8,1.0,2013-12,0.05016215607597037,0.017729002996679455,0.012543154905946539,0.03738670746194741,0.017328095893739404,0.011390475268609063,-0.01277544861402296,-0.0004009071029400513,-0.0011526796373374764,0,0
London,persistence_quantile_interval,0.8,1.0,2014-01,0.049431086999419886,0.012170572790041856,0.00960412173754041,0.029389835689327085,0.0016637492301209145,0.000780086156361436,-0.0200412513100928,-0.010506823559920941,-0.008824035581178974,0,0
London,persistence_quantile_interval,0.8,6.0,2013-03,0.0646429334382899,0.031472477581182656,0.024592528467557516,0.03991400625659213,0.009240390187367109,0.007430129974177188,-0.024728927181697773,-0.022232087393815547,-0.01716239849338033,0,0
London,persistence_quantile_interval,0.8,6.0,2013-04,0.06414433971511212,0.057452437005548584,0.047128943968212024,0.05707636151991789,0.04978569515135278,0.04193006099170566,-0.007067978195194224,-0.007666741854195802,-0.005198882976506364,0,0
London,persistence_quantile_interval,0.8,6.0,2013-05,0.07138178431470711,0.06046690527475018,0.05868916455614521,0.06877279049611759,0.06879524511312285,0.05303780656331828,-0.0026089938185895195,0.008328339838372667,-0.0056513579928269275,1,0
London,persistence_quantile_interval,0.8,6.0,2013-06,0.06884341864326417,0.05594248746725583,0.035560557431258896,0.05234223889818969,0.050766192138056776,0.034340655523599044,-0.01650117974507448,-0.005176295329199054,-0.0012199019076598525,0,0
London,persistence_quantile_interval,0.8,6.0,2013-07,0.08135857142791877,0.06942117967243921,0.03806700545830978,0.0579670717075105,0.05373163342999232,0.03694307762630738,-0.023391499720408278,-0.015689546242446895,-0.0011239278320024013,0,0
London,persistence_quantile_interval,0.8,6.0,2013-08,0.08137306877869196,0.04879917083677465,0.03367914510383762,0.04230082638957345,0.008470582519554903,0.00772982055245649,-0.039072242389118515,-0.04032858831721975,-0.02594932455138113,0,0
London,persistence_quantile_interval,0.8,6.0,2013-09,0.08924109565551672,0.0875098781350081,0.04965409556408821,0.07807125990108342,0.07663483348259503,0.06280124247762045,-0.011169835754433297,-0.010875044652413068,0.013147146913532241,0,1
London,persistence_quantile_interval,0.8,6.0,2013-10,0.08395663828925598,0.07913500547363006,0.05295102356381729,0.07568548688877523,0.07096345514950175,0.06409089381155675,-0.00827115140048075,-0.008171550324128307,0.011139870247739457,0,1
London,persistence_quantile_interval,0.8,6.0,2013-11,0.08459968487404589,0.06826345312005866,0.06380776391474703,0.08521310016893582,0.10047620243206379,0.07289993608803183,0.000613415294889938,0.03221274931200513,0.009092172173284799,0,0
London,persistence_quantile_interval,0.8,6.0,2013-12,0.07409665371028301,0.04280750352335139,0.03075144259985272,0.0627587664362063,0.05260404010950748,0.03415694625945832,-0.01133788727407671,0.00979653658615609,0.0034055036596056035,1,1
London,persistence_quantile_interval,0.8,6.0,2014-01,0.06919626693561312,0.02193852738060509,0.015295788131901232,0.04178493228396393,0.004949259151185048,0.0033034470517998966,-0.02741133465164919,-0.01698926822942004,-0.011992341080101335,0,0
London,persistence_quantile_interval,0.9,1.0,2013-03,0.027675189427487583,0.010233190859111452,0.006137844079242697,0.020516715820363754,0.0015358238149283387,0.0008376997131496448,-0.007158473607123829,-0.008697367044183113,-0.005300144366093052,0,0
London,persistence_quantile_interval,0.9,1.0,2013-04,0.024981059784154633,0.017366439994177196,0.015291934146202488,0.023567522041370758,0.016098900179118414,0.012759416367872149,-0.0014135377427838755,-0.0012675398150587824,-0.002532517778330339,0,0
London,persistence_quantile_interval,0.9,1.0,2013-05,0.028464109800795792,0.020360825785763703,0.0200401116782247,0.026997642431442287,0.023429788371141957,0.017266975211144127,-0.0014664673693535052,0.0030689625853782543,-0.0027731364670805746,1,0
London,persistence_quantile_interval,0.9,1.0,2013-06,0.029516955088578826,0.01786267207832959,0.010580468409192538,0.02353255050174307,0.01687936733754547,0.010481829624422382,-0.005984404586835756,-0.0009833047407841189,-9.86387847701567e-05,0,0
London,persistence_quantile_interval,0.9,1.0,2013-07,0.038608424398663826,0.02894108119052441,0.018703646196719586,0.027993242395031953,0.023976513464263993,0.01814306512822786,-0.010615182003631873,-0.004964567726260416,-0.0005605810684917271,0,0
London,persistence_quantile_interval,0.9,1.0,2013-08,0.03836684995999585,0.022769230769230764,0.017024611207441136,0.021869842634359288,0.008086962821059696,0.0060833098108794385,-0.01649700732563656,-0.014682267948171068,-0.010941301396561697,0,0
London,persistence_quantile_interval,0.9,1.0,2013-09,0.03817326108484576,0.034510852613236054,0.017478406543185533,0.03560819023724554,0.030278315960380442,0.026415833442145667,-0.002565070847600222,-0.004232536652855612,0.008937426898960134,0,1
London,persistence_quantile_interval,0.9,1.0,2013-10,0.03689768860529497,0.03411866030248645,0.0192650066080569,0.031420590529484003,0.029144605721418082,0.024536662951455335,-0.005477098075810968,-0.004974054581068366,0.005271656343398434,0,1
London,persistence_quantile_interval,0.9,1.0,2013-11,0.034797707668547326,0.025030164343665562,0.02126491394784081,0.035655080388211205,0.03452308722304753,0.027268003712162894,0.0008573727196638792,0.009492922879381971,0.0060030897643220844,0,0
London,persistence_quantile_interval,0.9,1.0,2013-12,0.031203916310562838,0.014189803820548574,0.008827262069929783,0.0248677290637486,0.014303069571555915,0.00936743780853743,-0.006336187246814239,0.00011326575100734093,0.0005401757386076476,1,1
London,persistence_quantile_interval,0.9,1.0,2014-01,0.03172691855983385,0.0066602277757655814,0.0060954819001726454,0.01910450540405611,0.001919835326914976,0.0011213234305505301,-0.012622413155777744,-0.0047403924488506055,-0.004974158469622115,0,0
London,persistence_quantile_interval,0.9,6.0,2013-03,0.03972671904893851,0.012075571941461472,0.009142014498929296,0.027010482136007898,0.0023804607055946114,0.0010287437980312285,-0.012716236912930608,-0.00969511123586686,-0.008113270700898068,0,0
London,persistence_quantile_interval,0.9,6.0,2013-04,0.03641572339101317,0.02785066010032522,0.025447017797351923,0.03220757368065531,0.028601326011250983,0.021844478097169915,-0.004208149710357857,0.000750665910925763,-0.003602539700182008,1,0
London,persistence_quantile_interval,0.9,6.0,2013-05,0.040562963460192766,0.037033378139828654,0.032143375651304186,0.03903008619808429,0.037936256012437775,0.026545788904840977,-0.0015328772621084757,0.0009028778726091202,-0.005597586746463209,1,0
London,persistence_quantile_interval,0.9,6.0,2013-06,0.040578339871858674,0.03298015683714539,0.019353090742361655,0.029763810391697725,0.029950538552311112,0.018998791213371644,-0.010814529480160949,-0.003029618284834279,-0.0003542995289900104,0,0
London,persistence_quantile_interval,0.9,6.0,2013-07,0.04983129689937846,0.03955434236744482,0.022627786292382556,0.034565010186306665,0.03206191579322526,0.022224462907692703,-0.015266286713071793,-0.007492426574219557,-0.00040332338468985346,0,0
London,persistence_quantile_interval,0.9,6.0,2013-08,0.04848600427984965,0.02741582859641445,0.020812957860071188,0.026738811324703612,0.008111872257040575,0.006088850057127498,-0.021747192955146037,-0.019303956339373873,-0.014724107802943691,0,0
London,persistence_quantile_interval,0.9,6.0,2013-09,0.054967543827643954,0.05437341429938025,0.029372426554347287,0.05305407477797069,0.05141407969734768,0.04423242555414173,-0.0019134690496732665,-0.0029593346020325706,0.014859998999794444,0,1
London,persistence_quantile_interval,0.9,6.0,2013-10,0.053822954791695195,0.05351922210058602,0.031199031900231988,0.04735465917601189,0.04373099768448607,0.041013143298934455,-0.006468295615683302,-0.009788224416099944,0.009814111398702467,0,1
London,persistence_quantile_interval,0.9,6.0,2013-11,0.0528682976217952,0.0418798581867208,0.03852641231555843,0.059989855933186335,0.07513202273050623,0.05192430599938869,0.007121558311391135,0.033252164543785434,0.013397893683830257,0,0
London,persistence_quantile_interval,0.9,6.0,2013-12,0.04420017489625672,0.025666167544156293,0.01892777051772262,0.040608747984613024,0.03796957768382181,0.024575824554044428,-0.0035914269116436998,0.012303410139665516,0.005648054036321806,1,1
London,persistence_quantile_interval,0.9,6.0,2014-01,0.04385652687071523,0.009814220406575314,0.006901633436778988,0.02681902856686646,0.005481794896735059,0.0032343339052423497,-0.017037498303848767,-0.004332425509840254,-0.0036672995315366382,0,0
Ausgrid,persistence_quantile_interval,0.8,1.0,2012-07,0.05541770057899092,0.01798387096774201,0.016905815082533235,0.0408912324234905,0.020226458129683933,0.018885981946991776,-0.014526468155500419,0.0022425871619419224,0.0019801668644585414,1,1
Ausgrid,persistence_quantile_interval,0.8,1.0,2012-08,0.0474314021649225,0.022177419354838634,0.020778041500341595,0.042066745783435805,0.018844086021505335,0.015131981155824049,-0.005364656381486692,-0.0033333333333332993,-0.005646060344517546,0,0
Ausgrid,persistence_quantile_interval,0.8,1.0,2012-09,0.06871051653660346,0.07310416666666664,0.06446488294314376,0.07732255667038272,0.06220538720538715,0.0540458937198067,0.008612040133779267,-0.010898779461279484,-0.01041898922333706,0,0
Ausgrid,persistence_quantile_interval,0.8,1.0,2012-10,0.04851835868666161,0.04406565656565653,0.037828604308267684,0.05241396051353973,0.03868931247963503,0.03157568238213396,0.00389560182687812,-0.005376344086021501,-0.006252921926133727,0,0
Ausgrid,persistence_quantile_interval,0.8,1.0,2012-11,0.03992707172054997,0.0201950056116722,0.0119588442958008,0.03708890746934225,0.008694444444444449,0.007374117428465255,-0.0028381642512077185,-0.011500561167227752,-0.004584726867335545,0,0
Ausgrid,persistence_quantile_interval,0.8,1.0,2012-12,0.04843294853813787,0.01561827956989248,0.010798539935987334,0.03741279174308627,0.016982526881720417,0.009971859603696911,-0.011020156795051604,0.0013642473118279375,-0.0008266803322904224,1,0
Ausgrid,persistence_quantile_interval,0.8,1.0,2013-01,0.04917017297802712,0.011888440860215121,0.005516596540439488,0.03509997482648254,0.00779705658737917,0.006135145826590425,-0.014070198151544581,-0.004091384272835952,0.0006185492861509375,0,1
Ausgrid,persistence_quantile_interval,0.8,1.0,2013-02,0.047390109890109895,0.009200637325637251,0.007189640070074799,0.03843665392578436,0.004187710437710379,0.0037655279503105723,-0.008953455964325535,-0.005012926887926872,-0.0034241121197642267,0,0
Ausgrid,persistence_quantile_interval,0.8,1.0,2013-03,0.049649818391052605,0.011995967741935565,0.01000512460891143,0.03323893264285971,0.007795698924731087,0.005732369547236268,-0.016410885748192897,-0.004200268817204478,-0.004272755061675163,0,0
Ausgrid,persistence_quantile_interval,0.8,1.0,2013-04,0.0443167038275734,0.03331944444444446,0.013607859531772584,0.045006503158677096,0.02893750000000006,0.017219435154217835,0.0006897993311036979,-0.004381944444444397,0.0036115756224452504,0,0
Ausgrid,persistence_quantile_interval,0.8,1.0,2013-05,0.06686266048117383,0.06089381720430109,0.04172870140612079,0.0626389038731255,0.045692204301075345,0.04275811845938076,-0.004223756608048329,-0.015201612903225747,0.0010294170532599706,0,1
Ausgrid,persistence_quantile_interval,0.8,1.0,2013-06,0.08173541434411002,0.06249305555555562,0.05772017837235236,0.07389678558156822,0.06441666666666668,0.05734624674842071,-0.007838628762541808,0.0019236111111110565,-0.00037393162393165036,1,0
Ausgrid,persistence_quantile_interval,0.8,6.0,2012-07,0.08924281655698206,0.042029569892473195,0.030872622001654314,0.06078775128564752,0.034678777017486784,0.03294494192109904,-0.02845506527133454,-0.0073507928749864115,0.0020723199194447282,0,1
Ausgrid,persistence_quantile_interval,0.8,6.0,2012-08,0.07859262056316753,0.036713913326816505,0.033643507030603745,0.05760330132700397,0.021344086021505282,0.019721652821232005,-0.02098931923616356,-0.015369827305311223,-0.01392185420937174,0,0
Ausgrid,persistence_quantile_interval,0.8,6.0,2012-09,0.10619193608324039,0.10559722222222223,0.09950761798587882,0.10896506874767742,0.08902918069584731,0.08042549238201406,0.0027731326644370308,-0.01656804152637492,-0.019082125603864755,0,0
Ausgrid,persistence_quantile_interval,0.8,6.0,2012-10,0.08108345021037865,0.07859101770392085,0.07056541518322722,0.07864116948969681,0.06661643314869115,0.05840795483151717,-0.0024422807206818387,-0.011974584555229706,-0.012157460351710045,0,0
Ausgrid,persistence_quantile_interval,0.8,6.0,2012-11,0.06798123374210331,0.033782267115600395,0.0190542549238201,0.052540876997398726,0.02154180695847363,0.015361389817911552,-0.015440356744704585,-0.012240460157126765,-0.0036928651059085476,0,0
Ausgrid,persistence_quantile_interval,0.8,6.0,2012-12,0.07977712446506274,0.0024462365591397806,0.0020395044413277345,0.05320018340705579,0.016852666449440723,0.011751986909770942,-0.026576941058006953,0.014406429890300942,0.009712482468443208,1,1
Ausgrid,persistence_quantile_interval,0.8,6.0,2013-01,0.0831040745136117,0.03488575268817207,0.02327111878304026,0.05820746574603518,0.028413978494623682,0.025091703527888684,-0.024896608767576517,-0.006471774193548385,0.0018205847448484226,0,1
Ausgrid,persistence_quantile_interval,0.8,6.0,2013-02,0.07670707915273131,0.028380531505531437,0.019407947125338377,0.05550147316451663,0.02207491582491583,0.01282349896480328,-0.02120560598821468,-0.006305615680615606,-0.006584448160535097,0,0
Ausgrid,persistence_quantile_interval,0.8,6.0,2013-03,0.07783561693098857,0.021840719018138333,0.013243967346351651,0.050060236631064126,0.015772849462365568,0.010582766929190478,-0.02777538029992445,-0.006067869555772765,-0.0026612004171611726,0,0
Ausgrid,persistence_quantile_interval,0.8,6.0,2013-04,0.07448671497584541,0.03541666666666676,0.017249628390932758,0.06300399479747308,0.03332638888888895,0.022410349312523278,-0.011482720178372333,-0.002090277777777816,0.00516072092159052,0,1
Ausgrid,persistence_quantile_interval,0.8,6.0,2013-05,0.10060056820225124,0.09480510752688176,0.07032312007767832,0.0999743769554429,0.0812701612903226,0.07780549861545658,-0.0006261912468083497,-0.013534946236559153,0.00748237853777825,0,1
Ausgrid,persistence_quantile_interval,0.8,6.0,2013-06,0.1308481976960238,0.12413194444444453,0.10591322928279455,0.12398504273504277,0.11164421997755336,0.10723476402824234,-0.006863154960981027,-0.01248772446689117,0.001321534745447786,0,1
Ausgrid,persistence_quantile_interval,0.9,1.0,2012-07,0.04043406336533966,0.019912634408602137,0.014337217247455708,0.028571492789585363,0.016471774193548394,0.015809418491746694,-0.011862570575754298,-0.0034408602150537426,0.0014722012442909861,0,1
Ausgrid,persistence_quantile_interval,0.9,1.0,2012-08,0.03439646491890531,0.018804985337243396,0.014214496349839978,0.028057233790052847,0.012217741935483861,0.008568436005322382,-0.006339231128852461,-0.006587243401759535,-0.005646060344517596,0,0
Ausgrid,persistence_quantile_interval,0.9,1.0,2012-09,0.04861343366778147,0.050154320987654266,0.0464395206243032,0.051941657376439965,0.043118686868686806,0.03571627647714601,0.003328223708658498,-0.00703563411896746,-0.010723244147157189,0,0
Ausgrid,persistence_quantile_interval,0.9,1.0,2012-10,0.036208059121803846,0.03346774193548385,0.030532329988851706,0.03491207249973026,0.02909606820897137,0.025778580932858595,-0.001295986622073586,-0.004371673726512482,-0.004753749055993111,0,0
Ausgrid,persistence_quantile_interval,0.9,1.0,2012-11,0.02961492010405053,0.01103395061728396,0.007262634708286878,0.025385544407283526,0.0077090347923680635,0.00677257525083612,-0.004229375696767006,-0.003324915824915897,-0.000490059457450758,0,0
Ausgrid,persistence_quantile_interval,0.9,1.0,2012-12,0.03552612651490632,0.006323924731182817,0.004551911389218505,0.02605009529974466,0.009495967741935507,0.005040996871291422,-0.009476031215161659,0.00317204301075269,0.0004890854820729165,1,1
Ausgrid,persistence_quantile_interval,0.9,1.0,2013-01,0.037581364404646316,0.009395161290322585,0.007980904088898505,0.025571348940914153,0.009892473118279566,0.00840121192505486,-0.012010015463732163,0.000497311827956981,0.0004203078361563542,1,1
Ausgrid,persistence_quantile_interval,0.9,1.0,2013-02,0.03586906752667622,0.0038913690476189977,0.0030622909698996416,0.02636765408504538,0.0030729166666666474,0.0017857142857142826,-0.00950141344163084,-0.0008184523809523503,-0.001276576684185359,0,0
Ausgrid,persistence_quantile_interval,0.9,1.0,2013-03,0.03678120617110799,0.008111559139784896,0.004358614737296342,0.02265077138849929,0.006538978494623593,0.00448897759556945,-0.014130434782608704,-0.0015725806451613034,0.00013036285827310815,0,1
Ausgrid,persistence_quantile_interval,0.9,1.0,2013-04,0.03231837606837607,0.013131944444444432,0.005520717205499837,0.032151151988108514,0.018277777777777837,0.01227471200297288,-0.00016722408026755703,0.005145833333333405,0.0067539947974730435,1,1
Ausgrid,persistence_quantile_interval,0.9,1.0,2013-05,0.04908476282950338,0.04644489247311834,0.03567177329449422,0.04845137914913512,0.04131720430107533,0.037705883410652036,-0.000633383680368263,-0.00512768817204301,0.002034110116157818,0,1
Ausgrid,persistence_quantile_interval,0.9,1.0,2013-06,0.06403288740245262,0.06057638888888894,0.05252229654403572,0.06078595317725754,0.055499999999999994,0.0532237086584913,-0.0032469342251950847,-0.00507638888888895,0.0007014121144555754,0,1
Ausgrid,persistence_quantile_interval,0.9,6.0,2012-07,0.059109666630704494,0.0365927419354839,0.020808159815873715,0.03864000071924336,0.027314814814814792,0.02267369727047146,-0.020469665911461134,-0.009277927120669105,0.0018655374545977453,0,1
Ausgrid,persistence_quantile_interval,0.9,6.0,2012-08,0.05087882547559966,0.024274193548387113,0.019217732944941918,0.0372590534757435,0.0150604838709677,0.010267648433847565,-0.013619771999856159,-0.009213709677419413,-0.008950084511094353,0,0
Ausgrid,persistence_quantile_interval,0.9,6.0,2012-09,0.06304115570419914,0.06463888888888891,0.059664158305462636,0.06661324786324785,0.052209595959595956,0.04272807506503158,0.0035720921590487037,-0.012429292929292957,-0.016936083240431055,0,0
Ausgrid,persistence_quantile_interval,0.9,6.0,2012-10,0.05381378789513431,0.04975969371130662,0.046695076779228246,0.04885999928075662,0.04318181818181821,0.03776297335203364,-0.004953788614377688,-0.006577875529488408,-0.00893210342719461,0,0
Ausgrid,persistence_quantile_interval,0.9,6.0,2012-11,0.047240802675585274,0.013594276094276103,0.010205314009661818,0.03535628019323671,0.012941919191919116,0.010193701226309913,-0.011884522482348565,-0.0006523569023569875,-1.1612783351905298e-05,0,0
Ausgrid,persistence_quantile_interval,0.9,6.0,2012-12,0.056900240946524266,0.01473118279569896,0.011190527565001633,0.038446254540223684,0.016609644835451354,0.01181537023051749,-0.018453986406300582,0.0018784620397523932,0.0006248426655158564,1,1
Ausgrid,persistence_quantile_interval,0.9,6.0,2013-01,0.06607733664185277,0.03976478494623659,0.02735776962635309,0.047156291581256525,0.031693548387096815,0.028681626928471298,-0.01892104506059624,-0.008071236559139772,0.0013238573021182067,0,1
Ausgrid,persistence_quantile_interval,0.9,6.0,2013-02,0.051815078037904125,0.021258718133718157,0.018301580665711116,0.039461399108138236,0.013472522847522872,0.010084706959706929,-0.01235367892976589,-0.0077861952861952854,-0.008216873706004187,0,0
Ausgrid,persistence_quantile_interval,0.9,6.0,2013-03,0.053984158665084304,0.01502389486260447,0.01462806127953389,0.03654475491782643,0.014038978494623655,0.008593159995684533,-0.017439403747257873,-0.0009849163679808148,-0.006034901283849358,0,0
Ausgrid,persistence_quantile_interval,0.9,6.0,2013-04,0.05226449275362319,0.004958333333333398,0.004066796729840215,0.04475566703827574,0.021625000000000005,0.013415087328130815,-0.007508825715347445,0.016666666666666607,0.0093482905982906,1,1
Ausgrid,persistence_quantile_interval,0.9,6.0,2013-05,0.07320144208292875,0.06484543010752686,0.051479393677850926,0.07781763584708887,0.06857526881720433,0.06275128564749889,0.004616193764160115,0.0037298387096774688,0.011271891969647965,0,0
Ausgrid,persistence_quantile_interval,0.9,6.0,2013-06,0.0990198810850985,0.10362499999999997,0.08419732441471575,0.10079431438127091,0.09658333333333335,0.09186176142697887,0.0017744332961724119,-0.007041666666666613,0.007664437012263117,0,0
UCI Electricity,persistence_quantile_interval,0.8,1.0,2014-01,0.05668061993504241,0.02138216845878138,0.015155062592627624,0.025438306057452773,0.009761719486889198,0.006798473812001325,-0.03124231387758964,-0.011620448971892183,-0.0083565887806263,0,0
UCI Electricity,persistence_quantile_interval,0.8,1.0,2014-02,0.05588408567239211,0.02476438492063493,0.014627627077223846,0.023568417469627144,0.009138732247284787,0.004016766163943555,-0.03231566820276496,-0.015625652673350143,-0.010610860913280291,0,0
UCI Electricity,persistence_quantile_interval,0.8,1.0,2014-03,0.04972783243464824,0.026169830621372125,0.017798891621732427,0.030511935168542854,0.02304930673457839,0.016488900450919143,-0.019215897266105387,-0.0031205238867937357,-0.0013099911708132836,0,0
UCI Electricity,persistence_quantile_interval,0.8,1.0,2014-04,0.052923387096774174,0.01922819200779724,0.013093637992831541,0.036445096122515466,0.026586866471734805,0.01461184424894094,-0.016478290974258708,0.0073586744639375645,0.0015182062561093987,1,1
UCI Electricity,persistence_quantile_interval,0.8,1.0,2014-05,0.05140360420017026,0.017434210526315774,0.007167407687699053,0.03181424021694573,0.016031173363516227,0.010979330243117957,-0.019589363983224528,-0.0014030371627995475,0.003811922555418904,0,1
UCI Electricity,persistence_quantile_interval,0.8,1.0,2014-06,0.05390701368523947,0.011369223205506485,0.008299731182795733,0.02823293418051483,0.01851647000983292,0.010998085695666392,-0.025674079504724643,0.007147246804326435,0.002698354512870659,1,1
UCI Electricity,persistence_quantile_interval,0.8,1.0,2014-07,0.054955183993945694,0.025746978780093244,0.01615248478541926,0.03273972818717877,0.02042713388524131,0.015544492794753008,-0.022215455806766926,-0.005319844894851933,-0.0006079919906662509,0,0
UCI Electricity,persistence_quantile_interval,0.8,1.0,2014-08,0.05871133289187398,0.012419116947378517,0.00951305458329392,0.029788454261659252,0.016829961328051257,0.006352875792261806,-0.02892287863021473,0.00441084438067274,-0.0031601787910321144,1,0
UCI Electricity,persistence_quantile_interval,0.8,1.0,2014-09,0.05274723036819809,0.016733674463937587,0.00961836102965131,0.028312357445421942,0.016575292397660757,0.012938864450961204,-0.024434872922776147,-0.00015838206627682982,0.003320503421309894,0,1
UCI Electricity,persistence_quantile_interval,0.8,1.0,2014-10,0.05194242108914323,0.014849202980569687,0.0063455838299750775,0.035841965440040355,0.020207679132172363,0.010137995459275333,-0.016100455649102875,0.005358476151602676,0.003792411629300256,1,1
UCI Electricity,persistence_quantile_interval,0.8,1.0,2014-11,0.05299262789182143,0.01965953785644048,0.014183162267839694,0.04074006190941674,0.02829707472959686,0.012265803193222527,-0.012252565982404692,0.008637536873156382,-0.001917359074617167,1,0
UCI Electricity,persistence_quantile_interval,0.8,1.0,2014-12,0.056757086999022474,0.02497818807772123,0.012930028694856955,0.0393805379497367,0.007973731371439419,0.0055123293286665105,-0.017376549049285775,-0.017004456706281812,-0.007417699366190444,0,0
UCI Electricity,persistence_quantile_interval,0.8,6.0,2014-01,0.10740567748242046,0.05718319656668558,0.0404256535174849,0.05041071484880017,0.018352126748501285,0.010698688235108613,-0.056994962633620284,-0.038831069818184294,-0.02972696528237629,0,0
UCI Electricity,persistence_quantile_interval,0.8,6.0,2014-02,0.11409501117162409,0.06867624791144533,0.047362449378578385,0.04641438870269516,0.023259060261272557,0.01117795175254851,-0.06768062246892892,-0.045417187650172774,-0.03618449762602988,0,0
UCI Electricity,persistence_quantile_interval,0.8,6.0,2014-03,0.0947438747516791,0.08863414692168614,0.051382319553495405,0.07095729669220822,0.05541643086210146,0.041653068142402126,-0.023786578059470875,-0.03321771605958468,-0.009729251411093279,0,0
UCI Electricity,persistence_quantile_interval,0.8,6.0,2014-04,0.09491385630498532,0.06307460668633236,0.04081235744542196,0.07763115021179537,0.07305677387914222,0.038493809058325175,-0.01728270609318995,0.009982167192809865,-0.002318548387096782,1,0
UCI Electricity,persistence_quantile_interval,0.8,6.0,2014-05,0.0892295746223946,0.022029451990190463,0.012285576892756887,0.06706772459243843,0.03994017033019326,0.026825552612493312,-0.022161850029956173,0.017910718340002796,0.014539975719736425,1,1
UCI Electricity,persistence_quantile_interval,0.8,6.0,2014-06,0.10281036168132944,0.047793756145526056,0.026690289996741612,0.06775517269468882,0.059648475909537924,0.03210227272727273,-0.03505518898664062,0.011854719764011867,0.0054119827305311174,1,1
UCI Electricity,persistence_quantile_interval,0.8,6.0,2014-07,0.11891791221265728,0.08052740508135892,0.051408137041591806,0.08101074480496959,0.08022111999238757,0.056216890549616906,-0.037907167407687695,-0.00030628508897134754,0.0048087535080251,0,1
UCI Electricity,persistence_quantile_interval,0.8,6.0,2014-08,0.1208088954056696,0.048135526691407415,0.023876643647715457,0.057441546053668836,0.021918623844557672,0.01877522624791095,-0.06336734935200075,-0.026216902846849743,-0.005101417399804506,0,0
UCI Electricity,persistence_quantile_interval,0.8,6.0,2014-09,0.10646077712609969,0.031886574074074026,0.02219676604757247,0.057861884978820444,0.03786258603736481,0.022396342456826306,-0.04859889214727925,0.005976011963290784,0.0001995764092538356,1,1
UCI Electricity,persistence_quantile_interval,0.8,6.0,2014-10,0.0963816100652729,0.044195081116770396,0.031250197080061756,0.08426887238671836,0.07349831097154813,0.03856915933528836,-0.012112737678554544,0.029303229854777735,0.007318962255226602,1,1
UCI Electricity,persistence_quantile_interval,0.8,6.0,2014-11,0.10543540241120884,0.08439036381514253,0.0558060443141088,0.09592599380905834,0.08154191248770892,0.04209942163571197,-0.009509408602150507,-0.00284845132743361,-0.013706622678396833,0,0
UCI Electricity,persistence_quantile_interval,0.8,6.0,2014-12,0.11642760855169805,0.10151150726278069,0.05093041497177814,0.08541016302462713,0.05264395868704019,0.028210040046668577,-0.03101744552707092,-0.048867548575740494,-0.02272037492510956,0,0
UCI Electricity,persistence_quantile_interval,0.9,1.0,2014-01,0.035059163434553654,0.016534616110167932,0.01047657900545518,0.01646840412449153,0.005625117902282595,0.0031272664207107554,-0.018590759310062124,-0.010909498207885338,-0.007349312584744424,0,0
UCI Electricity,persistence_quantile_interval,0.9,1.0,2014-02,0.03714172252478704,0.02034643901420219,0.011359272447982125,0.015537067099567101,0.0025806704260651347,0.0016161761625470897,-0.021604655425219943,-0.017765768588137054,-0.009743096285435036,0,0
UCI Electricity,persistence_quantile_interval,0.9,1.0,2014-03,0.03095043830605745,0.01912884194499953,0.012003949484438566,0.02024564058903288,0.00846066779852861,0.006992006432693236,-0.01070479771702457,-0.010668174146470921,-0.00501194305174533,0,0
UCI Electricity,persistence_quantile_interval,0.9,1.0,2014-04,0.03366222710980774,0.013643067846607626,0.008566511893124741,0.02512626262626263,0.018908382066276763,0.009500244379276606,-0.008535964483545114,0.005265314219669137,0.0009337324861518649,1,1
UCI Electricity,persistence_quantile_interval,0.9,1.0,2014-05,0.034180186358906434,0.010423740803621961,0.004934687667518056,0.022687462554788256,0.011169472740992226,0.0077334216252009855,-0.011492723804118178,0.0007457319373702642,0.00279873395768293,1,1
UCI Electricity,persistence_quantile_interval,0.9,1.0,2014-06,0.03475989736070382,0.006569809941520455,0.004206378299120219,0.018963831867057673,0.011559734513274411,0.0074800423590746495,-0.015796065493646146,0.004989924571753956,0.0032736640599544302,1,1
UCI Electricity,persistence_quantile_interval,0.9,1.0,2014-07,0.037950525021284646,0.01594228756304128,0.010650600700028422,0.02490678113076657,0.014871776572461748,0.012860853593163739,-0.013043743890518076,-0.0010705109905795318,0.002210252893135317,0,1
UCI Electricity,persistence_quantile_interval,0.9,1.0,2014-08,0.03925578627061457,0.005971667142449344,0.004460907198940468,0.01873305111468483,0.009940341445010326,0.003917754548607808,-0.02052273515592974,0.003968674302560982,-0.00054315265033266,1,0
UCI Electricity,persistence_quantile_interval,0.9,1.0,2014-09,0.035102028347996084,0.008324195906432741,0.005721529814271749,0.018954667644183767,0.009055190058479545,0.006806981101335931,-0.016147360703812317,0.0007309941520468044,0.0010854512870641818,1,1
UCI Electricity,persistence_quantile_interval,0.9,1.0,2014-10,0.03280850912874845,0.008154121863799269,0.005987095197553052,0.025253444959480335,0.012458963745361151,0.006608882792545684,-0.007555064169268114,0.004304841881561883,0.0006217875949926328,1,1
UCI Electricity,persistence_quantile_interval,0.9,1.0,2014-11,0.03483728413163897,0.013600049164208428,0.00953995601173022,0.027241161616161608,0.014715462143559455,0.006959718149234237,-0.007596122515477359,0.001115412979351027,-0.0025802378624959826,1,0
UCI Electricity,persistence_quantile_interval,0.9,1.0,2014-12,0.03851496231829219,0.021902117524995268,0.010313199634219401,0.02706126036641125,0.010498019241652501,0.006114803077602248,-0.011453701951880942,-0.011404098283342767,-0.0041983965566171535,0,0
UCI Electricity,persistence_quantile_interval,0.9,6.0,2014-01,0.07586399899095007,0.044430296170533845,0.02945046195566486,0.038518903919528266,0.013577053002188588,0.006680619935042417,-0.03734509507142181,-0.030853243168345257,-0.022769842020622443,0,0
UCI Electricity,persistence_quantile_interval,0.9,6.0,2014-02,0.08188276776986454,0.053812265037593954,0.03472411325233904,0.035819674277335574,0.016070770122208144,0.006837601242843137,-0.04606309349252897,-0.03774149491538581,-0.027886512009495903,0,0
UCI Electricity,persistence_quantile_interval,0.9,6.0,2014-03,0.06418345788793238,0.06370967741935485,0.03575505313278465,0.05131945101377982,0.03156656762874932,0.02397538075867939,-0.01286400687415256,-0.03214310979060553,-0.011779672374105262,0,0
UCI Electricity,persistence_quantile_interval,0.9,6.0,2014-04,0.06872454382535026,0.051348942969518196,0.031699046920821095,0.05692102476376668,0.04304946393762177,0.026019265232974886,-0.011803519061583577,-0.008299479031896428,-0.005679781687846209,0,0
UCI Electricity,persistence_quantile_interval,0.9,6.0,2014-05,0.07329171002428027,0.020894053008866265,0.014777851354334152,0.05780141424652351,0.0477840422495005,0.023391629615615094,-0.015490295777756756,0.026889989240634238,0.008613778261280942,1,1
UCI Electricity,persistence_quantile_interval,0.9,6.0,2014-06,0.08207885304659497,0.03858161258603743,0.02815045617464977,0.06043092212447052,0.06525934119960675,0.034451368523949207,-0.02164793092212445,0.026677728613569318,0.006300912349299435,1,1
UCI Electricity,persistence_quantile_interval,0.9,6.0,2014-07,0.09555623876643649,0.06864116471595783,0.04768391511367581,0.07200024437927666,0.0786355742696736,0.05597408791347398,-0.02355599438715983,0.009994409553715777,0.00829017279979817,1,1
UCI Electricity,persistence_quantile_interval,0.9,6.0,2014-08,0.08587014788887838,0.03375142734798742,0.018767145965376975,0.04141164506669189,0.016729154876438446,0.013164159808280541,-0.04445850282218649,-0.01702227247154897,-0.005602986157096434,0,0
UCI Electricity,persistence_quantile_interval,0.9,6.0,2014-09,0.07185870804822417,0.022682139376218324,0.019488229064841954,0.04435280221570543,0.022126966568338235,0.010905425219941312,-0.02750590583251874,-0.0005551728078800888,-0.008582803844900642,0,0
UCI Electricity,persistence_quantile_interval,0.9,6.0,2014-10,0.06815875981458708,0.04051527262346555,0.027252822186485007,0.060052462712452306,0.043991459701208435,0.025389627282187112,-0.008106297102134771,0.003476187077742887,-0.0018631949042978956,1,0
UCI Electricity,persistence_quantile_interval,0.9,6.0,2014-11,0.072149926686217,0.053450712881022544,0.03684119420006515,0.06998411534701855,0.04548303834808254,0.026895975887911327,-0.0021658113391984507,-0.007967674532940006,-0.009945218312153826,0,0
UCI Electricity,persistence_quantile_interval,0.9,6.0,2014-12,0.09150722889666699,0.09100169779286926,0.04395378078390568,0.07693631160722733,0.05762650914921719,0.03419674108409802,-0.014570917289439655,-0.033375188643652076,-0.009757039699807658,0,0
