dataset,forecaster,scheme,window,global_macro_user_gap,global_max_audit_group_gap,global_weighted_mean_audit_group_gap,user_macro_user_gap,user_max_audit_group_gap,user_weighted_mean_audit_group_gap,delta_user_gap_user_minus_global,delta_group_gap_user_minus_global,delta_weighted_mean_group_gap_user_minus_global,personalization_conflict,weighted_mean_group_conflict
Ausgrid,lightgbm_quantile,DemandTertile,2012-07,0.03921719351242493,0.01448252688172047,0.00965269536447663,0.026949149494731556,0.01707661290322582,0.008958175998849238,-0.012268044017693377,0.0025940860215053485,-0.0006945193656273923,1,0
Ausgrid,lightgbm_quantile,DemandTertile,2012-08,0.03799537886143775,0.010076572173346343,0.007128151184953389,0.02584780810587261,0.011196236559139705,0.008285683460998996,-0.012147570755565142,0.001119664385793362,0.0011575322760456076,1,1
Ausgrid,lightgbm_quantile,DemandTertile,2012-09,0.040674934968413214,0.02041666666666664,0.01521042363433663,0.035374860646599754,0.02068055555555548,0.014276755852842762,-0.00530007432181346,0.0002638888888888413,-0.0009336677814938688,1,0
Ausgrid,lightgbm_quantile,DemandTertile,2012-10,0.03663466033732513,0.004233870967741971,0.0029075412665875914,0.027394181321250047,0.008346909959813242,0.00485399359873418,-0.009240479016075085,0.004113038992071272,0.0019464523321465889,1,1
Ausgrid,lightgbm_quantile,DemandTertile,2012-11,0.03705174656261614,0.009388888888888891,0.006816703827573432,0.02535535117056858,0.009166666666666656,0.00677489780750655,-0.01169639539204756,-0.00022222222222223476,-4.180602006688232e-05,0,0
Ausgrid,lightgbm_quantile,DemandTertile,2012-12,0.03976786420685438,0.0027397632236342284,0.0019050958391771814,0.025716546193404542,0.006439393939393967,0.004898946308483456,-0.014051318013449839,0.0036996307157597386,0.0029938504693062746,1,1
Ausgrid,lightgbm_quantile,DemandTertile,2013-01,0.0436306505556155,0.009901433691756334,0.006753245585643956,0.02799564857769627,0.010682089714347809,0.00608120257489125,-0.015635001977919227,0.0007806560225914749,-0.0006720430107527058,1,0
Ausgrid,lightgbm_quantile,DemandTertile,2013-02,0.04267399267399266,0.010148809523809477,0.00693581780538298,0.029577261506609318,0.006614583333333313,0.0047036749482401675,-0.013096731167383344,-0.003534226190476164,-0.002232142857142813,0,0
Ausgrid,lightgbm_quantile,DemandTertile,2013-03,0.040812565181429124,0.008649193548387002,0.006779767684395923,0.024473603768835183,0.009132996632996604,0.004979411658934758,-0.01633896141259394,0.000483803084609602,-0.0018003560254611648,1,0
Ausgrid,lightgbm_quantile,DemandTertile,2013-04,0.04022435897435898,0.007147867564534227,0.005743682645856589,0.02930602006688964,0.009652777777777843,0.008663136380527727,-0.010918338907469335,0.0025049102132436163,0.002919453734671139,1,1
Ausgrid,lightgbm_quantile,DemandTertile,2013-05,0.04190311791994822,0.014180107526881813,0.011632862228935226,0.03089419930233396,0.01881048387096773,0.01645179271406482,-0.011008918617614258,0.004630376344085918,0.004818930485129595,1,1
Ausgrid,lightgbm_quantile,DemandTertile,2013-06,0.04273272017837236,0.015270833333333345,0.01190310293571164,0.030309364548495,0.020770833333333405,0.01458101077666301,-0.012423355629877359,0.00550000000000006,0.0026779078409513695,1,1
London,lightgbm_quantile,DemandTertile,2013-03,0.03546942888085434,0.009987603039670279,0.005447311773018395,0.026555066486722154,0.006601729410097068,0.005182435330483858,-0.008914362394132184,-0.0033858736295732106,-0.0002648764425345366,0,0
London,lightgbm_quantile,DemandTertile,2013-04,0.03415706610426504,0.006813067044939336,0.003098180868052163,0.031951159574244145,0.012720694160608392,0.005377481345176462,-0.0022059065300208958,0.005907627115669056,0.002279300477124299,1,1
London,lightgbm_quantile,DemandTertile,2013-05,0.039486520588395746,0.007471970047706278,0.0048907087291822585,0.0393049938498812,0.015575629911690925,0.011704352152543913,-0.00018152673851454942,0.008103659863984647,0.006813643423361654,1,1
London,lightgbm_quantile,DemandTertile,2013-06,0.0424144679113881,0.006016013849816093,0.0032553787026595575,0.027999585417274618,0.00520722546499075,0.00215690391404645,-0.014414882494113483,-0.000808788384825343,-0.0010984747886131074,0,0
London,lightgbm_quantile,DemandTertile,2013-07,0.048465310766988366,0.01938254598492828,0.015801719314856213,0.03814374382329026,0.01737352433315753,0.014273917627818874,-0.010321566943698103,-0.002009021651770748,-0.001527801687037339,0,0
London,lightgbm_quantile,DemandTertile,2013-08,0.04613305600649457,0.005267271085483749,0.0025461780442556045,0.02957028335169795,0.0031495106475163404,0.0014680181754631295,-0.016562772654796616,-0.0021177604379674086,-0.001078159868792475,0,0
London,lightgbm_quantile,DemandTertile,2013-09,0.04348927244099849,0.015195611579906121,0.014284423902424813,0.03530127088774783,0.02057450132129446,0.01840749629312593,-0.008188001553250661,0.005378889741388337,0.004123072390701116,1,1
London,lightgbm_quantile,DemandTertile,2013-10,0.04111872413807094,0.01026347928078264,0.006001528229191383,0.028800536809961166,0.009610524661128661,0.00829790783271274,-0.012318187328109773,-0.0006529546196539782,0.0022963796035213565,0,1
London,lightgbm_quantile,DemandTertile,2013-11,0.041571006717962336,0.009783156833081286,0.006278993447619944,0.033071205210514806,0.011726926340659971,0.010520241180985903,-0.00849980150744753,0.0019437695075786854,0.004241247733365959,1,1
London,lightgbm_quantile,DemandTertile,2013-12,0.04518514203706499,0.008546953471419538,0.006185225841862216,0.03170927861593038,0.006670183931469786,0.0030435110149700582,-0.013475863421134611,-0.001876769539949752,-0.003141714826892158,0,0
London,lightgbm_quantile,DemandTertile,2014-01,0.042654698092826605,0.012363416842740671,0.0069904924673157435,0.030452976942874476,0.004503471174162388,0.002626851210141349,-0.01220172114995213,-0.007859945668578283,-0.004363641257174394,0,0
UCI Electricity,lightgbm_quantile,DemandTertile,2014-01,0.04223919830440908,0.016794506842625512,0.009619991869373169,0.02783555609935151,0.012935349814644281,0.008423092558897682,-0.01440364220505757,-0.0038591570279812304,-0.0011968993104754869,0,0
UCI Electricity,lightgbm_quantile,DemandTertile,2014-02,0.04200497353711141,0.019292958600952148,0.011460113368675393,0.027289990428781823,0.014518681666512712,0.010626455895914043,-0.01471498310832959,-0.0047742769344394365,-0.0008336574727613507,0,0
UCI Electricity,lightgbm_quantile,DemandTertile,2014-03,0.045641234118636104,0.013719864938254167,0.00993830985581955,0.03246823727221418,0.013787749994097043,0.00856340507493209,-0.013172996846421925,6.788505584287563e-05,-0.0013749047808874603,1,0
UCI Electricity,lightgbm_quantile,DemandTertile,2014-04,0.047730025817871835,0.01306395334650956,0.010151766668434122,0.03358158733007314,0.010447014615816319,0.007842025622096542,-0.014148438487798697,-0.0026169387306932412,-0.00230974104633758,0,0
UCI Electricity,lightgbm_quantile,DemandTertile,2014-05,0.04373981204832592,0.018082217657198196,0.016658904417772152,0.028773341016644107,0.009699889022691366,0.006759076897573875,-0.014966471031681815,-0.00838232863450683,-0.009899827520198277,0,0
UCI Electricity,lightgbm_quantile,DemandTertile,2014-06,0.0399302142516284,0.022248821494947446,0.012493933004050129,0.026560594504423295,0.008989870395214594,0.007938689692020925,-0.013369619747205103,-0.013258951099732852,-0.004555243312029203,0,0
UCI Electricity,lightgbm_quantile,DemandTertile,2014-07,0.04415739472614391,0.02467335246965774,0.015364319178412042,0.029553249685234224,0.009314665491489849,0.0071174559821284,-0.014604145040909688,-0.01535868697816789,-0.008246863196283642,0,0
UCI Electricity,lightgbm_quantile,DemandTertile,2014-08,0.04210934508985131,0.025316523541252245,0.01133847483649946,0.026528340760095182,0.009133786687445355,0.006609489151928231,-0.015581004329756131,-0.01618273685380689,-0.0047289856845712285,0,0
UCI Electricity,lightgbm_quantile,DemandTertile,2014-09,0.04061012566329089,0.024922766379066208,0.009822007594451357,0.028971690071335633,0.01577727350364777,0.0063710595116220825,-0.011638435591955258,-0.009145492875418437,-0.0034509480828292744,0,0
UCI Electricity,lightgbm_quantile,DemandTertile,2014-10,0.04507919467325537,0.01804089631885908,0.01174165130662334,0.03413935736472966,0.021560523588894598,0.012341778397003523,-0.010939837308525713,0.003519627270035519,0.0006001270903801832,1,1
UCI Electricity,lightgbm_quantile,DemandTertile,2014-11,0.04283972118329873,0.0210056986719509,0.010299821762875251,0.036244335771008114,0.01373069321425957,0.008392847674556139,-0.006595385412290614,-0.00727500545769133,-0.001906974088319113,0,0
UCI Electricity,lightgbm_quantile,DemandTertile,2014-12,0.04785130425515959,0.018601685910604293,0.011332159786551369,0.04078969699600969,0.018332757655522336,0.011858085040041365,-0.0070616072591499005,-0.00026892825508195717,0.0005259252534899964,0,1
Ausgrid,persistence_quantile_interval,DemandTertile,2012-07,0.05541770057899092,0.01798387096774201,0.016905815082533235,0.0408912324234905,0.020226458129683933,0.018885981946991776,-0.014526468155500419,0.0022425871619419224,0.0019801668644585414,1,1
Ausgrid,persistence_quantile_interval,DemandTertile,2012-08,0.0474314021649225,0.022177419354838634,0.020778041500341595,0.042066745783435805,0.018844086021505335,0.015131981155824049,-0.005364656381486692,-0.0033333333333332993,-0.005646060344517546,0,0
Ausgrid,persistence_quantile_interval,DemandTertile,2012-09,0.06871051653660346,0.07310416666666664,0.06446488294314376,0.07732255667038272,0.06220538720538715,0.0540458937198067,0.008612040133779267,-0.010898779461279484,-0.01041898922333706,0,0
Ausgrid,persistence_quantile_interval,DemandTertile,2012-10,0.04851835868666161,0.04406565656565653,0.037828604308267684,0.05241396051353973,0.03868931247963503,0.03157568238213396,0.00389560182687812,-0.005376344086021501,-0.006252921926133727,0,0
Ausgrid,persistence_quantile_interval,DemandTertile,2012-11,0.03992707172054997,0.0201950056116722,0.0119588442958008,0.03708890746934225,0.008694444444444449,0.007374117428465255,-0.0028381642512077185,-0.011500561167227752,-0.004584726867335545,0,0
Ausgrid,persistence_quantile_interval,DemandTertile,2012-12,0.04843294853813787,0.01561827956989248,0.010798539935987334,0.03741279174308627,0.016982526881720417,0.009971859603696911,-0.011020156795051604,0.0013642473118279375,-0.0008266803322904224,1,0
Ausgrid,persistence_quantile_interval,DemandTertile,2013-01,0.04917017297802712,0.011888440860215121,0.005516596540439488,0.03509997482648254,0.00779705658737917,0.006135145826590425,-0.014070198151544581,-0.004091384272835952,0.0006185492861509375,0,1
Ausgrid,persistence_quantile_interval,DemandTertile,2013-02,0.047390109890109895,0.009200637325637251,0.007189640070074799,0.03843665392578436,0.004187710437710379,0.0037655279503105723,-0.008953455964325535,-0.005012926887926872,-0.0034241121197642267,0,0
Ausgrid,persistence_quantile_interval,DemandTertile,2013-03,0.049649818391052605,0.011995967741935565,0.01000512460891143,0.03323893264285971,0.007795698924731087,0.005732369547236268,-0.016410885748192897,-0.004200268817204478,-0.004272755061675163,0,0
Ausgrid,persistence_quantile_interval,DemandTertile,2013-04,0.0443167038275734,0.03331944444444446,0.013607859531772584,0.045006503158677096,0.02893750000000006,0.017219435154217835,0.0006897993311036979,-0.004381944444444397,0.0036115756224452504,0,0
Ausgrid,persistence_quantile_interval,DemandTertile,2013-05,0.06686266048117383,0.06089381720430109,0.04172870140612079,0.0626389038731255,0.045692204301075345,0.04275811845938076,-0.004223756608048329,-0.015201612903225747,0.0010294170532599706,0,1
Ausgrid,persistence_quantile_interval,DemandTertile,2013-06,0.08173541434411002,0.06249305555555562,0.05772017837235236,0.07389678558156822,0.06441666666666668,0.05734624674842071,-0.007838628762541808,0.0019236111111110565,-0.00037393162393165036,1,0
London,persistence_quantile_interval,DemandTertile,2013-03,0.04187984813849804,0.021669765682226116,0.014252992840839767,0.028970855169194346,0.00751088680141343,0.005847767702320823,-0.01290899296930369,-0.014158878880812686,-0.008405225138518943,0,0
London,persistence_quantile_interval,DemandTertile,2013-04,0.04046134046411582,0.029389405042128613,0.02442414046513304,0.037581724341950104,0.02812159967859107,0.021366503805722612,-0.0028796161221657166,-0.0012678053635375441,-0.003057636659410428,0,0
London,persistence_quantile_interval,DemandTertile,2013-05,0.04667015776071783,0.035327497736190705,0.03245846680368797,0.04497049913593352,0.03866892857576654,0.029964929166056115,-0.0016996586247843143,0.003341430839575832,-0.002493537637631854,1,0
London,persistence_quantile_interval,DemandTertile,2013-06,0.04681511954083052,0.02732750324281341,0.017340420506864358,0.03834160009568362,0.026858864387631187,0.01648462485308371,-0.008473519445146904,-0.00046863885518222403,-0.0008557956537806471,0,0
London,persistence_quantile_interval,DemandTertile,2013-07,0.059561988672593914,0.043215225754201225,0.027765835743025283,0.04537890916960232,0.03435918202065191,0.025159200990494263,-0.014183079502991594,-0.008856043733549313,-0.00260663475253102,0,0
London,persistence_quantile_interval,DemandTertile,2013-08,0.05958204435741267,0.034206477732793505,0.02155947148406521,0.03511949141297309,0.012696700660833726,0.008931274110515214,-0.02446255294443958,-0.02150977707195978,-0.012628197373549997,0,0
London,persistence_quantile_interval,DemandTertile,2013-09,0.06031607729110708,0.04993657698721976,0.02822943377775065,0.05313851038900057,0.04469709967234792,0.03472622358291642,-0.007177566902106511,-0.005239477314871843,0.006496789805165767,0,1
London,persistence_quantile_interval,DemandTertile,2013-10,0.05488314962448396,0.04250424591707791,0.02990659985560426,0.047322798816848644,0.04358504620216219,0.035659575497889874,-0.007560350807635313,0.0010808002850842824,0.005752975642285614,1,1
London,persistence_quantile_interval,DemandTertile,2013-11,0.055132966047029164,0.03587268566673607,0.03308965317951201,0.05163152585221127,0.0498232106617571,0.038870457740804366,-0.0035014401948178925,0.01395052499502103,0.005780804561292353,1,1
London,persistence_quantile_interval,DemandTertile,2013-12,0.05016215607597037,0.017729002996679455,0.012543154905946539,0.03738670746194741,0.017328095893739404,0.011390475268609063,-0.01277544861402296,-0.0004009071029400513,-0.0011526796373374764,0,0
London,persistence_quantile_interval,DemandTertile,2014-01,0.049431086999419886,0.012170572790041856,0.00960412173754041,0.029389835689327085,0.0016637492301209145,0.000780086156361436,-0.0200412513100928,-0.010506823559920941,-0.008824035581178974,0,0
UCI Electricity,persistence_quantile_interval,DemandTertile,2014-01,0.05668061993504241,0.02138216845878138,0.015155062592627624,0.025438306057452773,0.009761719486889198,0.006798473812001325,-0.03124231387758964,-0.011620448971892183,-0.0083565887806263,0,0
UCI Electricity,persistence_quantile_interval,DemandTertile,2014-02,0.05588408567239211,0.02476438492063493,0.014627627077223846,0.023568417469627144,0.009138732247284787,0.004016766163943555,-0.03231566820276496,-0.015625652673350143,-0.010610860913280291,0,0
UCI Electricity,persistence_quantile_interval,DemandTertile,2014-03,0.04972783243464824,0.026169830621372125,0.017798891621732427,0.030511935168542854,0.02304930673457839,0.016488900450919143,-0.019215897266105387,-0.0031205238867937357,-0.0013099911708132836,0,0
UCI Electricity,persistence_quantile_interval,DemandTertile,2014-04,0.052923387096774174,0.01922819200779724,0.013093637992831541,0.036445096122515466,0.026586866471734805,0.01461184424894094,-0.016478290974258708,0.0073586744639375645,0.0015182062561093987,1,1
UCI Electricity,persistence_quantile_interval,DemandTertile,2014-05,0.05140360420017026,0.017434210526315774,0.007167407687699053,0.03181424021694573,0.016031173363516227,0.010979330243117957,-0.019589363983224528,-0.0014030371627995475,0.003811922555418904,0,1
UCI Electricity,persistence_quantile_interval,DemandTertile,2014-06,0.05390701368523947,0.011369223205506485,0.008299731182795733,0.02823293418051483,0.01851647000983292,0.010998085695666392,-0.025674079504724643,0.007147246804326435,0.002698354512870659,1,1
UCI Electricity,persistence_quantile_interval,DemandTertile,2014-07,0.054955183993945694,0.025746978780093244,0.01615248478541926,0.03273972818717877,0.02042713388524131,0.015544492794753008,-0.022215455806766926,-0.005319844894851933,-0.0006079919906662509,0,0
UCI Electricity,persistence_quantile_interval,DemandTertile,2014-08,0.05871133289187398,0.012419116947378517,0.00951305458329392,0.029788454261659252,0.016829961328051257,0.006352875792261806,-0.02892287863021473,0.00441084438067274,-0.0031601787910321144,1,0
UCI Electricity,persistence_quantile_interval,DemandTertile,2014-09,0.05274723036819809,0.016733674463937587,0.00961836102965131,0.028312357445421942,0.016575292397660757,0.012938864450961204,-0.024434872922776147,-0.00015838206627682982,0.003320503421309894,0,1
UCI Electricity,persistence_quantile_interval,DemandTertile,2014-10,0.05194242108914323,0.014849202980569687,0.0063455838299750775,0.035841965440040355,0.020207679132172363,0.010137995459275333,-0.016100455649102875,0.005358476151602676,0.003792411629300256,1,1
UCI Electricity,persistence_quantile_interval,DemandTertile,2014-11,0.05299262789182143,0.01965953785644048,0.014183162267839694,0.04074006190941674,0.02829707472959686,0.012265803193222527,-0.012252565982404692,0.008637536873156382,-0.001917359074617167,1,0
UCI Electricity,persistence_quantile_interval,DemandTertile,2014-12,0.056757086999022474,0.02497818807772123,0.012930028694856955,0.0393805379497367,0.007973731371439419,0.0055123293286665105,-0.017376549049285775,-0.017004456706281812,-0.007417699366190444,0,0
Ausgrid,lightgbm_quantile,KM2,2012-07,0.03921719351242493,0.014161568409343794,0.009652695364476615,0.026949149494731556,0.01098674453096038,0.00895817599884924,-0.012268044017693377,-0.003174823878383415,-0.0006945193656273749,0,0
Ausgrid,lightgbm_quantile,KM2,2012-08,0.03799537886143775,0.013112903225806383,0.007128151184953352,0.02584780810587261,0.008370967741935464,0.00828568346099902,-0.012147570755565142,-0.004741935483870918,0.0011575322760456683,0,1
Ausgrid,lightgbm_quantile,KM2,2012-09,0.040674934968413214,0.022766666666666602,0.015210423634336601,0.035374860646599754,0.014538888888888879,0.01427675585284279,-0.00530007432181346,-0.008227777777777723,-0.0009336677814938115,0,0
Ausgrid,lightgbm_quantile,KM2,2012-10,0.03663466033732513,0.00595028426646893,0.004017873197396326,0.027394181321250047,0.007129032258064605,0.004853993598734181,-0.009240479016075085,0.0011787479915956744,0.0008361204013378554,1,1
Ausgrid,lightgbm_quantile,KM2,2012-11,0.03705174656261614,0.008632662835249105,0.006816703827573433,0.02535535117056858,0.007811111111111102,0.006774897807506503,-0.01169639539204756,-0.0008215517241380033,-4.180602006693002e-05,0,0
Ausgrid,lightgbm_quantile,KM2,2012-12,0.03976786420685438,0.001053763440860167,0.0007902686373934864,0.025716546193404542,0.004994623655914077,0.004810838997374757,-0.014051318013449839,0.00394086021505391,0.004020570359981271,1,1
Ausgrid,lightgbm_quantile,KM2,2013-01,0.0436306505556155,0.00714516129032261,0.006753245585643955,0.02799564857769627,0.01208602150537641,0.006081202574891252,-0.015635001977919227,0.0049408602150537995,-0.0006720430107527032,1,0
Ausgrid,lightgbm_quantile,KM2,2013-02,0.04267399267399266,0.006983784893267564,0.006935817805382967,0.029577261506609318,0.0020918856048165457,0.0013691471571906073,-0.013096731167383344,-0.004891899288451018,-0.00556667064819236,0,0
Ausgrid,lightgbm_quantile,KM2,2013-03,0.040812565181429124,0.009102150537634413,0.006779767684395986,0.024473603768835183,0.008876344086021448,0.004979411658934771,-0.01633896141259394,-0.0002258064516129643,-0.001800356025461215,0,0
Ausgrid,lightgbm_quantile,KM2,2013-04,0.04022435897435898,0.007215836526181407,0.00574368264585659,0.02930602006688964,0.010424648786717783,0.008663136380527726,-0.010918338907469335,0.0032088122605363756,0.0029194537346711354,1,1
Ausgrid,lightgbm_quantile,KM2,2013-05,0.04190311791994822,0.012975837350142183,0.0116328622289352,0.03089419930233396,0.018844086021505446,0.01645179271406489,-0.011008918617614258,0.005868248671363263,0.004818930485129691,1,1
Ausgrid,lightgbm_quantile,KM2,2013-06,0.04273272017837236,0.013334131545338468,0.011903102935711684,0.030309364548495,0.015455555555555556,0.014581010776662979,-0.012423355629877359,0.002121424010217088,0.002677907840951295,1,1
London,lightgbm_quantile,KM2,2013-03,0.03546942888085434,0.005737203276169667,0.005447311773018387,0.026555066486722154,0.012117464268321942,0.005182435330483825,-0.008914362394132184,0.006380260992152276,-0.0002648764425345618,1,0
London,lightgbm_quantile,KM2,2013-04,0.03415706610426504,0.006202540742101026,0.005257401124918157,0.031951159574244145,0.005458706333714813,0.005377481345176492,-0.0022059065300208958,-0.0007438344083862125,0.00012008022025833572,0,1
London,lightgbm_quantile,KM2,2013-05,0.039486520588395746,0.011866580150784789,0.009022194431557695,0.0393049938498812,0.015215980719317845,0.011704352152543946,-0.00018152673851454942,0.0033494005685330563,0.002682157720986251,1,1
London,lightgbm_quantile,KM2,2013-06,0.0424144679113881,0.01367337164750948,0.005822194474532766,0.027999585417274618,0.009578544061302763,0.002098503988575931,-0.014414882494113483,-0.004094827586206717,-0.0037236904859568347,0,0
London,lightgbm_quantile,KM2,2013-07,0.048465310766988366,0.031108639228772716,0.01580171931485621,0.03814374382329026,0.01498169667283289,0.014273917627818869,-0.010321566943698103,-0.016126942555939827,-0.0015278016870373407,0,0
London,lightgbm_quantile,KM2,2013-08,0.04613305600649457,0.012783447806973491,0.002582744064743447,0.02957028335169795,0.0028246274134107185,0.0008523109187212021,-0.016562772654796616,-0.009958820393562773,-0.0017304331460222446,0,0
London,lightgbm_quantile,KM2,2013-09,0.04348927244099849,0.015643469105611763,0.0142844239024248,0.03530127088774783,0.018929855661364292,0.018407496293125877,-0.008188001553250661,0.0032863865557525296,0.004123072390701076,1,1
London,lightgbm_quantile,KM2,2013-10,0.04111872413807094,0.008384846811539726,0.007848317871671825,0.028800536809961166,0.00848257989272172,0.008297907832712781,-0.012318187328109773,9.773308118199431e-05,0.0004495899610409554,1,1
London,lightgbm_quantile,KM2,2013-11,0.041571006717962336,0.00927967556261633,0.006278993447619957,0.033071205210514806,0.026858689317675655,0.010520241180985887,-0.00849980150744753,0.017579013755059325,0.0042412477333659306,1,1
London,lightgbm_quantile,KM2,2013-12,0.04518514203706499,0.008954208972754008,0.0026423551695563176,0.03170927861593038,0.0029553472826246985,0.002630785953357282,-0.013475863421134611,-0.005998861690129309,-1.1569216199035573e-05,0,0
London,lightgbm_quantile,KM2,2014-01,0.042654698092826605,0.004896817068905213,0.003656329271492797,0.030452976942874476,0.005487544207376405,0.0015152840484729104,-0.01220172114995213,0.0005907271384711921,-0.0021410452230198867,1,0
UCI Electricity,lightgbm_quantile,KM2,2014-01,0.04223919830440908,0.009910720854448551,0.009619991869373146,0.02783555609935151,0.025157021085688624,0.008423092558897657,-0.01440364220505757,0.015246300231240073,-0.0011968993104754886,1,0
UCI Electricity,lightgbm_quantile,KM2,2014-02,0.04200497353711141,0.011807256051101889,0.011460113368675424,0.027289990428781823,0.021212121212121127,0.01062645589591402,-0.01471498310832959,0.009404865161019238,-0.0008336574727614045,1,0
UCI Electricity,lightgbm_quantile,KM2,2014-03,0.045641234118636104,0.06129430237774791,0.005493698764223746,0.03246823727221418,0.00943597910617,0.008648263558609665,-0.013172996846421925,-0.05185832327157791,0.0031545647943859194,0,1
UCI Electricity,lightgbm_quantile,KM2,2014-04,0.047730025817871835,0.05732498840982847,0.007167008593721316,0.03358158733007314,0.008352526061115695,0.00784202562209659,-0.014148438487798697,-0.048972462348712775,0.0006750170283752743,0,1
UCI Electricity,lightgbm_quantile,KM2,2014-05,0.04373981204832592,0.008961417676087935,0.005482844772125387,0.028773341016644107,0.005877579812440303,0.005556849263704717,-0.014966471031681815,-0.0030838378636476316,7.40044915793301e-05,0,1
UCI Electricity,lightgbm_quantile,KM2,2014-06,0.0399302142516284,0.017280945757997213,0.0022516202448007046,0.026560594504423295,0.007324988409828426,0.002273033171682728,-0.013369619747205103,-0.009955957348168787,2.1412926882023557e-05,0,1
UCI Electricity,lightgbm_quantile,KM2,2014-07,0.04415739472614391,0.01292059219380881,0.0012853100097488938,0.029553249685234224,0.004004037685060524,0.0017804493947419181,-0.014604145040909688,-0.008916554508748287,0.0004951393849930243,0,1
UCI Electricity,lightgbm_quantile,KM2,2014-08,0.04210934508985131,0.022779273216689044,0.0054402181849756166,0.026528340760095182,0.020008972633467903,0.0066094891519282405,-0.015581004329756131,-0.0027703005832211414,0.001169270966952624,0,1
UCI Electricity,lightgbm_quantile,KM2,2014-09,0.04061012566329089,0.014093648585999041,0.00687069447220188,0.028971690071335633,0.014360222531293432,0.006371059511622075,-0.011638435591955258,0.0002665739452943905,-0.0004996349605798055,1,0
UCI Electricity,lightgbm_quantile,KM2,2014-10,0.04507919467325537,0.07688425302826385,0.011741651306623373,0.03413935736472966,0.012228386700306904,0.012091939233431942,-0.010939837308525713,-0.06465586632795695,0.0003502879268085686,0,1
UCI Electricity,lightgbm_quantile,KM2,2014-11,0.04283972118329873,0.011296727770349069,0.01030593974198437,0.036244335771008114,0.007610606013174759,0.007588537354341092,-0.006595385412290614,-0.00368612175717431,-0.0027174023876432776,0,0
UCI Electricity,lightgbm_quantile,KM2,2014-12,0.04785130425515959,0.03410722296994173,0.011332159786551386,0.04078969699600969,0.014351092511890262,0.014318981066690942,-0.0070616072591499005,-0.01975613045805147,0.0029868212801395563,0,1
Ausgrid,persistence_quantile_interval,KM2,2012-07,0.05541770057899092,0.01934946236559143,0.01690581508253323,0.0408912324234905,0.020440860215053758,0.018885981946991773,-0.014526468155500419,0.0010913978494623278,0.0019801668644585414,1,1
Ausgrid,persistence_quantile_interval,KM2,2012-08,0.0474314021649225,0.024531114818934552,0.02077804150034156,0.042066745783435805,0.01528086763070069,0.01513198115582402,-0.005364656381486692,-0.009250247188233862,-0.005646060344517541,0,0
Ausgrid,persistence_quantile_interval,KM2,2012-09,0.06871051653660346,0.06847777777777775,0.0644648829431438,0.07732255667038272,0.06389999999999996,0.05404589371980675,0.008612040133779267,-0.004577777777777792,-0.010418989223337054,0,0
Ausgrid,persistence_quantile_interval,KM2,2012-10,0.04851835868666161,0.046419354838709626,0.03782860430826769,0.05241396051353973,0.03825806451612901,0.03157568238213399,0.00389560182687812,-0.008161290322580617,-0.006252921926133699,0,0
Ausgrid,persistence_quantile_interval,KM2,2012-11,0.03992707172054997,0.018811111111111112,0.009436547751765086,0.03708890746934225,0.005551564495529959,0.0037880899293942314,-0.0028381642512077185,-0.013259546615581153,-0.0056484578223708545,0,0
Ausgrid,persistence_quantile_interval,KM2,2012-12,0.04843294853813787,0.013263440860215026,0.010798539935987311,0.03741279174308627,0.015249969101470695,0.00949715898874376,-0.011020156795051604,0.0019865282412556695,-0.0013013809472435505,1,0
Ausgrid,persistence_quantile_interval,KM2,2013-01,0.04917017297802712,0.007410239772586924,0.004845003056784319,0.03509997482648254,0.008930107526881725,0.006135145826590469,-0.014070198151544581,0.0015198677542948014,0.0012901427698061496,1,1
Ausgrid,persistence_quantile_interval,KM2,2013-02,0.047390109890109895,0.00950595238095231,0.005650780379041253,0.03843665392578436,0.004886767925561086,0.004695214206083766,-0.008953455964325535,-0.004619184455391223,-0.0009555661729574866,0,0
Ausgrid,persistence_quantile_interval,KM2,2013-03,0.049649818391052605,0.00533870967741934,0.0024827381594563027,0.03323893264285971,0.0024772895810158957,0.002360916316035539,-0.016410885748192897,-0.002861420096403444,-0.00012182184342076361,0,0
Ausgrid,persistence_quantile_interval,KM2,2013-04,0.0443167038275734,0.021547733077905584,0.013361668524712059,0.045006503158677096,0.023259897828863396,0.01721943515421779,0.0006897993311036979,0.001712164750957812,0.003857766629505731,0,0
Ausgrid,persistence_quantile_interval,KM2,2013-05,0.06686266048117383,0.05009655790384382,0.04172870140612082,0.0626389038731255,0.044496199480904775,0.042758118459380774,-0.004223756608048329,-0.005600358422939045,0.0010294170532599567,0,1
Ausgrid,persistence_quantile_interval,KM2,2013-06,0.08173541434411002,0.05906369731800776,0.05772017837235237,0.07389678558156822,0.06402222222222231,0.0573462467484207,-0.007838628762541808,0.004958524904214556,-0.0003739316239316712,1,0
London,persistence_quantile_interval,KM2,2013-03,0.04187984813849804,0.023582857540194624,0.013987918412994503,0.028970855169194346,0.006085834381595712,0.005847767702320862,-0.01290899296930369,-0.017497023158598912,-0.00814015071067364,0,0
London,persistence_quantile_interval,KM2,2013-04,0.04046134046411582,0.026857483080152234,0.024424140465132995,0.037581724341950104,0.03293552275503109,0.02136650380572264,-0.0028796161221657166,0.0060780396748788545,-0.003057636659410355,1,0
London,persistence_quantile_interval,KM2,2013-05,0.04667015776071783,0.03689438882709184,0.03245846680368794,0.04497049913593352,0.05033524904214559,0.029964929166056115,-0.0016996586247843143,0.013440860215053752,-0.0024935376376318263,1,0
London,persistence_quantile_interval,KM2,2013-06,0.04681511954083052,0.03209610472541502,0.017340420506864372,0.03834160009568362,0.03487388250319279,0.016484624853083708,-0.008473519445146904,0.002777777777777768,-0.0008557956537806645,1,0
London,persistence_quantile_interval,KM2,2013-07,0.059561988672593914,0.04437183290075386,0.02776583574302533,0.04537890916960232,0.040671734025460315,0.025159200990494266,-0.014183079502991594,-0.003700098875293545,-0.0026066347525310653,0,0
London,persistence_quantile_interval,KM2,2013-08,0.05958204435741267,0.014767319695939585,0.009865989219995423,0.03511949141297309,0.013376799950559293,0.007894135516216975,-0.02446255294443958,-0.001390519745380292,-0.001971853703778448,0,0
London,persistence_quantile_interval,KM2,2013-09,0.06031607729110708,0.03729016595058221,0.02822943377775064,0.05313851038900057,0.044381798144036866,0.034726223582916466,-0.007177566902106511,0.0070916321934546556,0.006496789805165826,1,1
London,persistence_quantile_interval,KM2,2013-10,0.05488314962448396,0.03009371017073581,0.029906599855604215,0.047322798816848644,0.0387754156109017,0.03565957549788993,-0.007560350807635313,0.008681705440165888,0.005752975642285715,1,1
London,persistence_quantile_interval,KM2,2013-11,0.055132966047029164,0.04636998603073239,0.033089653179512,0.05163152585221127,0.08686489722610258,0.03887045774080435,-0.0035014401948178925,0.04049491119537019,0.005780804561292353,1,1
London,persistence_quantile_interval,KM2,2013-12,0.05016215607597037,0.02104539414727613,0.010663160498607304,0.03738670746194741,0.028114087945366406,0.011390475268609113,-0.01277544861402296,0.007068693798090275,0.0007273147700018086,1,1
London,persistence_quantile_interval,KM2,2014-01,0.049431086999419886,0.024667115412885243,0.00684518207388364,0.029389835689327085,0.006732740678844773,0.0017158668609935025,-0.0200412513100928,-0.01793437473404047,-0.005129315212890137,0,0
UCI Electricity,persistence_quantile_interval,KM2,2014-01,0.05668061993504241,0.07777777777777783,0.014543720240910633,0.025438306057452773,0.03869847670250892,0.006798473812001356,-0.03124231387758964,-0.03907930107526891,-0.007745246428909277,0,0
UCI Electricity,persistence_quantile_interval,KM2,2014-02,0.05588408567239211,0.08169642857142867,0.012444360075408445,0.023568417469627144,0.0298983134920634,0.003952180212260774,-0.03231566820276496,-0.05179811507936527,-0.00849217986314767,0,0
UCI Electricity,persistence_quantile_interval,KM2,2014-03,0.04972783243464824,0.06547939068100361,0.023143308737741626,0.030511935168542854,0.042607526881720426,0.01648890045091914,-0.019215897266105387,-0.022871863799283187,-0.0066544082868224864,0,0
UCI Electricity,persistence_quantile_interval,KM2,2014-04,0.052923387096774174,0.0773611111111111,0.0237546839361355,0.036445096122515466,0.03736111111111107,0.014611844248940966,-0.016478290974258708,-0.040000000000000036,-0.009142839687194535,0,0
UCI Electricity,persistence_quantile_interval,KM2,2014-05,0.05140360420017026,0.08626792114695347,0.02149867562198469,0.03181424021694573,0.024003136200716813,0.002403194273641802,-0.019589363983224528,-0.06226478494623666,-0.01909548134834289,0,0
UCI Electricity,persistence_quantile_interval,KM2,2014-06,0.05390701368523947,0.0800347222222223,0.013054944607363918,0.02823293418051483,0.01796296296296296,0.008155140110785285,-0.025674079504724643,-0.06207175925925934,-0.004899804496578633,0,0
UCI Electricity,persistence_quantile_interval,KM2,2014-07,0.054955183993945694,0.09251792114695345,0.01615248478541928,0.03273972818717877,0.017266535283338547,0.015950477722069836,-0.022215455806766926,-0.0752513858636149,-0.00020200706334944432,0,0
UCI Electricity,persistence_quantile_interval,KM2,2014-08,0.05871133289187398,0.03862007168458781,0.008077523413111258,0.029788454261659252,0.044959677419354804,0.006131357802793731,-0.02892287863021473,0.006339605734766995,-0.0019461656103175271,1,0
UCI Electricity,persistence_quantile_interval,KM2,2014-09,0.05274723036819809,0.04525462962962967,0.01758105246008471,0.028312357445421942,0.02038194444444441,0.012938864450961169,-0.024434872922776147,-0.02487268518518526,-0.004642188009123541,0,0
UCI Electricity,persistence_quantile_interval,KM2,2014-10,0.05194242108914323,0.06388888888888888,0.017572840790842804,0.035841965440040355,0.010730286738351191,0.010137995459275378,-0.016100455649102875,-0.05315860215053769,-0.007434845331567425,0,0
UCI Electricity,persistence_quantile_interval,KM2,2014-11,0.05299262789182143,0.07791666666666675,0.02170393450635384,0.04074006190941674,0.024201388888888897,0.012265803193222492,-0.012252565982404692,-0.05371527777777785,-0.009438131313131346,0,0
UCI Electricity,persistence_quantile_interval,KM2,2014-12,0.056757086999022474,0.09354838709677427,0.01268919685933211,0.0393805379497367,0.02275985663082436,0.007040488127897077,-0.017376549049285775,-0.0707885304659499,-0.005648708731435034,0,0
Ausgrid,lightgbm_quantile,KM3,2012-07,0.03921719351242493,0.01614435955480098,0.009652695364476575,0.026949149494731556,0.013770772238514195,0.008958175998849259,-0.012268044017693377,-0.002373587316286785,-0.000694519365627316,0,0
Ausgrid,lightgbm_quantile,KM3,2012-08,0.03799537886143775,0.011924952887706453,0.007128151184953406,0.02584780810587261,0.011629398826979442,0.008285683460998986,-0.012147570755565142,-0.0002955540607270102,0.0011575322760455798,0,1
Ausgrid,lightgbm_quantile,KM3,2012-09,0.040674934968413214,0.025994318181818188,0.015210423634336627,0.035374860646599754,0.02777777777777768,0.014276755852842767,-0.00530007432181346,0.0017834595959594912,-0.0009336677814938601,1,0
Ausgrid,lightgbm_quantile,KM3,2012-10,0.03663466033732513,0.01036714770797964,0.004997842269932033,0.027394181321250047,0.006809112071832435,0.0048539935987341855,-0.009240479016075085,-0.0035580356361472054,-0.00014384867119784754,0,0
Ausgrid,lightgbm_quantile,KM3,2012-11,0.03705174656261614,0.011659356725146286,0.006816703827573477,0.02535535117056858,0.010535037878787956,0.00677489780750656,-0.01169639539204756,-0.0011243188463583298,-4.180602006691701e-05,0,0
Ausgrid,lightgbm_quantile,KM3,2012-12,0.03976786420685438,0.009300158846529794,0.00538353651958144,0.025716546193404542,0.0060954993903115096,0.004589671665407976,-0.014051318013449839,-0.003204659456218284,-0.0007938648541734638,0,0
Ausgrid,lightgbm_quantile,KM3,2013-01,0.0436306505556155,0.012041360120731981,0.0077368108749595686,0.02799564857769627,0.010190111960979964,0.006081202574891261,-0.015635001977919227,-0.001851248159752017,-0.0016556083000683073,0,0
Ausgrid,lightgbm_quantile,KM3,2013-02,0.04267399267399266,0.014994250541125465,0.0069358178053829525,0.029577261506609318,0.004976663961039018,0.003994963369963386,-0.013096731167383344,-0.010017586580086446,-0.0029408544354195664,0,0
Ausgrid,lightgbm_quantile,KM3,2013-03,0.040812565181429124,0.01382881231671551,0.006779767684395985,0.024473603768835183,0.008814155858552275,0.00497941165893476,-0.01633896141259394,-0.005014656458163236,-0.0018003560254612255,0,0
Ausgrid,lightgbm_quantile,KM3,2013-04,0.04022435897435898,0.01165326510721254,0.005743682645856614,0.02930602006688964,0.013754873294346992,0.008663136380527745,-0.010918338907469335,0.0021016081871344516,0.002919453734671131,1,1
Ausgrid,lightgbm_quantile,KM3,2013-05,0.04190311791994822,0.016462695717789133,0.011632862228935201,0.03089419930233396,0.016909518572825077,0.016451792714064863,-0.011008918617614258,0.0004468228550359443,0.004818930485129661,1,1
Ausgrid,lightgbm_quantile,KM3,2013-06,0.04273272017837236,0.016502192982456143,0.011903102935711656,0.030309364548495,0.016151202749140947,0.014581010776662972,-0.012423355629877359,-0.00035099023331519597,0.0026779078409513157,0,1
London,lightgbm_quantile,KM3,2013-03,0.03546942888085434,0.008140936790046571,0.005447311773018376,0.026555066486722154,0.015136926193542122,0.005182435330483818,-0.008914362394132184,0.0069959894034955505,-0.00026487644253455744,1,0
London,lightgbm_quantile,KM3,2013-04,0.03415706610426504,0.004302370533888378,0.0038759226650025933,0.031951159574244145,0.006263341606763673,0.005377481345176443,-0.0022059065300208958,0.001960971072875295,0.0015015586801738496,1,1
London,lightgbm_quantile,KM3,2013-05,0.039486520588395746,0.009906926066664212,0.0077689251064001815,0.0393049938498812,0.01508643353914041,0.011704352152543878,-0.00018152673851454942,0.005179507472476197,0.0039354270461436965,1,1
London,lightgbm_quantile,KM3,2013-06,0.0424144679113881,0.011881775067750677,0.005009045036075831,0.027999585417274618,0.009502032520325221,0.0020985039885759033,-0.014414882494113483,-0.0023797425474254563,-0.0029105410474999276,0,0
London,lightgbm_quantile,KM3,2013-07,0.048465310766988366,0.02918633621820088,0.01580171931485625,0.03814374382329026,0.019735592146928438,0.01427391762781889,-0.010321566943698103,-0.009450744071272443,-0.0015278016870373615,0,0
London,lightgbm_quantile,KM3,2013-08,0.04613305600649457,0.011571155722049586,0.006180732933616512,0.02957028335169795,0.004616157341675531,0.002739225123007028,-0.016562772654796616,-0.006954998380374056,-0.003441507810609484,0,0
London,lightgbm_quantile,KM3,2013-09,0.04348927244099849,0.016477950775126482,0.014284423902424806,0.03530127088774783,0.01915032679738571,0.018407496293125904,-0.008188001553250661,0.0026723760222592263,0.004123072390701098,1,1
London,lightgbm_quantile,KM3,2013-10,0.04111872413807094,0.008105453914100336,0.006250134527217586,0.028800536809961166,0.013103532865660905,0.008297907832712724,-0.012318187328109773,0.0049980789515605695,0.002047773305495138,1,1
London,lightgbm_quantile,KM3,2013-11,0.041571006717962336,0.013606294944224717,0.006278993447619918,0.033071205210514806,0.024515724655480575,0.010520241180985873,-0.00849980150744753,0.010909429711255858,0.004241247733365956,1,1
London,lightgbm_quantile,KM3,2013-12,0.04518514203706499,0.007557348287339893,0.004117295709166034,0.03170927861593038,0.006309392877206665,0.003953981424681755,-0.013475863421134611,-0.001247955410133228,-0.00016331428448427936,0,0
London,lightgbm_quantile,KM3,2014-01,0.042654698092826605,0.007487434602593268,0.0036563292714928424,0.030452976942874476,0.004704263337511949,0.003384762378969034,-0.01220172114995213,-0.002783171265081319,-0.00027156689252380833,0,0
UCI Electricity,lightgbm_quantile,KM3,2014-01,0.04223919830440908,0.016168449387263584,0.009619991869373186,0.02783555609935151,0.024597477693036218,0.008423092558897673,-0.01440364220505757,0.008429028305772635,-0.0011968993104755129,1,0
UCI Electricity,lightgbm_quantile,KM3,2014-02,0.04200497353711141,0.018491646403639428,0.011460113368675438,0.027289990428781823,0.02091405861897666,0.010626455895914027,-0.01471498310832959,0.002422412215337233,-0.0008336574727614114,1,0
UCI Electricity,lightgbm_quantile,KM3,2014-03,0.045641234118636104,0.06921639001046809,0.014693937157359196,0.03246823727221418,0.012554619369826159,0.008598532540268341,-0.013172996846421925,-0.05666177064064193,-0.0060954046170908546,0,0
UCI Electricity,lightgbm_quantile,KM3,2014-04,0.047730025817871835,0.06334157523309125,0.014698240877073457,0.03358158733007314,0.009512196670921735,0.007842025622096559,-0.014148438487798697,-0.053829378562169516,-0.006856215254976898,0,0
UCI Electricity,lightgbm_quantile,KM3,2014-05,0.04373981204832592,0.017429340511440072,0.015194207520435144,0.028773341016644107,0.008699767080268206,0.006010348788102437,-0.014966471031681815,-0.008729573431171866,-0.009183858732332708,0,0
UCI Electricity,lightgbm_quantile,KM3,2014-06,0.0399302142516284,0.022381231242222355,0.013107362376059938,0.026560594504423295,0.00822129500849944,0.0031218008067575003,-0.013369619747205103,-0.014159936233722914,-0.009985561569302437,0,0
UCI Electricity,lightgbm_quantile,KM3,2014-07,0.04415739472614391,0.023978182333356912,0.013624917608332714,0.029553249685234224,0.00674718424594456,0.0019789787774852794,-0.014604145040909688,-0.017230998087412353,-0.011645938830847434,0,0
UCI Electricity,lightgbm_quantile,KM3,2014-08,0.04210934508985131,0.025986399376638047,0.012119172886333024,0.026528340760095182,0.020285628832062197,0.006609489151928207,-0.015581004329756131,-0.0057007705445758505,-0.005509683734404817,0,0
UCI Electricity,lightgbm_quantile,KM3,2014-09,0.04061012566329089,0.022791157309128174,0.007258574347721464,0.028971690071335633,0.01624426930407452,0.007152121511222416,-0.011638435591955258,-0.006546888005053653,-0.00010645283649904792,0,0
UCI Electricity,lightgbm_quantile,KM3,2014-10,0.04507919467325537,0.08965405513184788,0.013910476273173286,0.03413935736472966,0.02688602394276407,0.012450713008608253,-0.010939837308525713,-0.0627680311890838,-0.0014597632645650324,0,0
UCI Electricity,lightgbm_quantile,KM3,2014-11,0.04283972118329873,0.019537369153063366,0.01055392182854153,0.036244335771008114,0.013205068768351036,0.008879430946369764,-0.006595385412290614,-0.0063323003847123305,-0.0016744908821717652,0,0
UCI Electricity,lightgbm_quantile,KM3,2014-12,0.04785130425515959,0.039045909974577575,0.01133215978655136,0.04078969699600969,0.017656017567471927,0.014535666218035035,-0.0070616072591499005,-0.02138989240710565,0.0032035064314836752,0,1
Ausgrid,persistence_quantile_interval,KM3,2012-07,0.05541770057899092,0.03533724340175959,0.016905815082533217,0.0408912324234905,0.025321472120607535,0.018885981946991835,-0.014526468155500419,-0.010015771281152053,0.0019801668644586178,0,1
Ausgrid,persistence_quantile_interval,KM3,2012-08,0.0474314021649225,0.03692345783814366,0.0207780415003416,0.042066745783435805,0.019617546432062483,0.015131981155824035,-0.005364656381486692,-0.017305911406081176,-0.005646060344517563,0,0
Ausgrid,persistence_quantile_interval,KM3,2012-09,0.06871051653660346,0.06766895761741121,0.06446488294314376,0.07732255667038272,0.06809135166093927,0.05404589371980675,0.008612040133779267,0.00042239404352806265,-0.010418989223337012,0,0
Ausgrid,persistence_quantile_interval,KM3,2012-10,0.04851835868666161,0.04592894357610011,0.037828604308267656,0.05241396051353973,0.04121771422236997,0.03157568238213395,0.00389560182687812,-0.00471122935373014,-0.006252921926133706,0,0
Ausgrid,persistence_quantile_interval,KM3,2012-11,0.03992707172054997,0.020325028636884235,0.012604515050167202,0.03708890746934225,0.0052205165692007505,0.0037880899293942414,-0.0028381642512077185,-0.015104512067683484,-0.00881642512077296,0,0
Ausgrid,persistence_quantile_interval,KM3,2012-12,0.04843294853813787,0.017647238514173935,0.010798539935987264,0.03741279174308627,0.016555838521033706,0.010602096594382703,-0.011020156795051604,-0.0010913999931402296,-0.00019644334160456162,0,0
Ausgrid,persistence_quantile_interval,KM3,2013-01,0.04917017297802712,0.0122417940011319,0.005028410112561591,0.03509997482648254,0.008901452167165536,0.006135145826590464,-0.014070198151544581,-0.003340341833966365,0.0011067357140288735,0,1
Ausgrid,persistence_quantile_interval,KM3,2013-02,0.047390109890109895,0.010321551300932708,0.00797499601847426,0.03843665392578436,0.007399054982817788,0.0057931199235547026,-0.008953455964325535,-0.00292249631811492,-0.0021818760949195576,0,0
Ausgrid,persistence_quantile_interval,KM3,2013-03,0.049649818391052605,0.01075116080156402,0.00975608659690003,0.03323893264285971,0.002079869194102635,0.0016443701226309974,-0.016410885748192897,-0.008671291607461384,-0.008111716474269032,0,0
Ausgrid,persistence_quantile_interval,KM3,2013-04,0.0443167038275734,0.027101608187134585,0.01522900408769977,0.045006503158677096,0.028977272727272796,0.01721943515421783,0.0006897993311036979,0.001875664540138211,0.001990431066518061,0,0
Ausgrid,persistence_quantile_interval,KM3,2013-05,0.06686266048117383,0.052411101678928596,0.041728701406120824,0.0626389038731255,0.05343658357771264,0.042758118459380746,-0.004223756608048329,0.001025481898784042,0.001029417053259922,1,1
Ausgrid,persistence_quantile_interval,KM3,2013-06,0.08173541434411002,0.07055713383838391,0.057720178372352354,0.07389678558156822,0.07058080808080813,0.05734624674842069,-0.007838628762541808,2.3674242424220893e-05,-0.00037393162393166424,1,0
London,persistence_quantile_interval,KM3,2013-03,0.04187984813849804,0.030521423360356792,0.015791822480784777,0.028970855169194346,0.0062814880660398975,0.005847767702320839,-0.01290899296930369,-0.024239935294316894,-0.009944054778463938,0,0
London,persistence_quantile_interval,KM3,2013-04,0.04046134046411582,0.028752583498098394,0.024424140465133026,0.037581724341950104,0.031208869389932947,0.021366503805722636,-0.0028796161221657166,0.002456285891834553,-0.00305763665941039,1,0
London,persistence_quantile_interval,KM3,2013-05,0.04667015776071783,0.03313892568355703,0.03245846680368797,0.04497049913593352,0.04896243115656962,0.029964929166056142,-0.0016996586247843143,0.01582350547301259,-0.0024935376376318263,1,0
London,persistence_quantile_interval,KM3,2013-06,0.04681511954083052,0.0375338753387533,0.017340420506864386,0.03834160009568362,0.042962398373983746,0.01648462485308372,-0.008473519445146904,0.005428523035230448,-0.0008557956537806645,1,0
London,persistence_quantile_interval,KM3,2013-07,0.059561988672593914,0.05188008130081301,0.027765835743025307,0.04537890916960232,0.040947088906372886,0.025159200990494273,-0.014183079502991594,-0.010932992394440122,-0.002606634752531034,0,0
London,persistence_quantile_interval,KM3,2013-08,0.05958204435741267,0.032814241689069545,0.009865989219995376,0.03511949141297309,0.01172065881757578,0.007894135516217012,-0.02446255294443958,-0.021093582871493766,-0.0019718537037783646,0,0
London,persistence_quantile_interval,KM3,2013-09,0.06031607729110708,0.04307189542483669,0.028229433777750685,0.05313851038900057,0.04665728956599846,0.03472622358291644,-0.007177566902106511,0.0035853941411617685,0.006496789805165753,1,1
London,persistence_quantile_interval,KM3,2013-10,0.05488314962448396,0.044645851127771974,0.029906599855604225,0.047322798816848644,0.0393941380893057,0.035659575497889895,-0.007560350807635313,-0.005251713038466277,0.0057529756422856695,0,1
London,persistence_quantile_interval,KM3,2013-11,0.055132966047029164,0.05034088503070089,0.03308965317951203,0.05163152585221127,0.08060978191827228,0.038870457740804394,-0.0035014401948178925,0.030268896887571395,0.005780804561292367,1,1
London,persistence_quantile_interval,KM3,2013-12,0.05016215607597037,0.019984590669158475,0.010663160498607271,0.03738670746194741,0.021140290482279278,0.011390475268609078,-0.01277544861402296,0.001155699813120803,0.0007273147700018068,1,1
London,persistence_quantile_interval,KM3,2014-01,0.049431086999419886,0.02277500020523937,0.005929837959352722,0.029389835689327085,0.00615882241870469,0.0024193158044756077,-0.0200412513100928,-0.01661617778653468,-0.003510522154877114,0,0
UCI Electricity,persistence_quantile_interval,KM3,2014-01,0.05668061993504241,0.07803912783751499,0.013216583104720452,0.025438306057452773,0.03991686579052167,0.006798473812001308,-0.03124231387758964,-0.038122262046993316,-0.006418109292719143,0,0
UCI Electricity,persistence_quantile_interval,KM3,2014-02,0.05588408567239211,0.08399195326278663,0.01257396837033933,0.023568417469627144,0.0314869929453262,0.003952180212260794,-0.03231566820276496,-0.052504960317460436,-0.008621788158078536,0,0
UCI Electricity,persistence_quantile_interval,KM3,2014-03,0.04972783243464824,0.0644240342493031,0.02182405480402351,0.030511935168542854,0.04927568697729978,0.01648890045091913,-0.019215897266105387,-0.015148347272003315,-0.005335154353104381,0,0
UCI Electricity,persistence_quantile_interval,KM3,2014-04,0.052923387096774174,0.07123199588477369,0.02142289833822088,0.036445096122515466,0.042618312757201626,0.015216682958618439,-0.016478290974258708,-0.028613683127572065,-0.0062062153796024425,0,0
UCI Electricity,persistence_quantile_interval,KM3,2014-05,0.05140360420017026,0.08020459976105143,0.019020590924857285,0.03181424021694573,0.0273596176821983,0.012588686027811888,-0.019589363983224528,-0.05284498207885313,-0.006431904897045397,0,0
UCI Electricity,persistence_quantile_interval,KM3,2014-06,0.05390701368523947,0.07696759259259267,0.018388522319973895,0.02823293418051483,0.024137426900584846,0.008454504724665997,-0.025674079504724643,-0.052830165692007824,-0.009934017595307898,0,0
UCI Electricity,persistence_quantile_interval,KM3,2014-07,0.054955183993945694,0.09383213859020312,0.016152484785419228,0.03273972818717877,0.023758488964346403,0.015544492794752968,-0.022215455806766926,-0.07007364962585672,-0.0006079919906662595,0,0
UCI Electricity,persistence_quantile_interval,KM3,2014-08,0.05871133289187398,0.04154968140183202,0.016777819821524254,0.029788454261659252,0.045965252887295804,0.008752522624791067,-0.02892287863021473,0.004415571485463787,-0.008025297196733188,1,0
UCI Electricity,persistence_quantile_interval,KM3,2014-09,0.05274723036819809,0.04870113168724288,0.017330563701531392,0.028312357445421942,0.02256944444444442,0.01293886445096121,-0.024434872922776147,-0.026131687242798463,-0.004391699250570182,0,0
UCI Electricity,persistence_quantile_interval,KM3,2014-10,0.05194242108914323,0.06271903624054165,0.016263440860214994,0.035841965440040355,0.02288837011884548,0.010137995459275323,-0.016100455649102875,-0.03983066612169617,-0.0061254454009396705,0,0
UCI Electricity,persistence_quantile_interval,KM3,2014-11,0.05299262789182143,0.07121913580246919,0.01927236070381227,0.04074006190941674,0.03185442386831272,0.0122658031932225,-0.012252565982404692,-0.03936471193415647,-0.007006557510589772,0,0
UCI Electricity,persistence_quantile_interval,KM3,2014-12,0.056757086999022474,0.0864147749900438,0.010938731750386255,0.0393805379497367,0.027309836718438785,0.008330180052344432,-0.017376549049285775,-0.05910493827160501,-0.002608551698041823,0,0
Ausgrid,lightgbm_quantile,KM4,2012-07,0.03921719351242493,0.016793168880455456,0.009652695364476606,0.026949149494731556,0.01498975934459812,0.008958175998849236,-0.012268044017693377,-0.0018034095358573365,-0.0006945193656273697,0,0
Ausgrid,lightgbm_quantile,KM4,2012-08,0.03799537886143775,0.02317268305171527,0.007128151184953355,0.02584780810587261,0.016916282642088998,0.008285683460998998,-0.012147570755565142,-0.006256400409626273,0.0011575322760456431,0,1
Ausgrid,lightgbm_quantile,KM4,2012-09,0.040674934968413214,0.038326719576719515,0.015210423634336664,0.035374860646599754,0.029927248677248608,0.014276755852842759,-0.00530007432181346,-0.008399470899470907,-0.0009336677814939052,0,0
Ausgrid,lightgbm_quantile,KM4,2012-10,0.03663466033732513,0.016820276497695796,0.007632970115438579,0.027394181321250047,0.007880270629455177,0.00485399359873419,-0.009240479016075085,-0.00894000586824062,-0.002778976516704389,0,0
Ausgrid,lightgbm_quantile,KM4,2012-11,0.03705174656261614,0.01117919389978217,0.008623652917131191,0.02535535117056858,0.010747354497354533,0.006774897807506538,-0.01169639539204756,-0.0004318394024276362,-0.0018487551096246528,0,0
Ausgrid,lightgbm_quantile,KM4,2012-12,0.03976786420685438,0.01786034306195594,0.005734167655626285,0.025716546193404542,0.007398582600195436,0.0042237566080483065,-0.014051318013449839,-0.010461760461760505,-0.0015104110475779786,0,0
Ausgrid,lightgbm_quantile,KM4,2013-01,0.0436306505556155,0.011957094665823398,0.008421890171539574,0.02799564857769627,0.022366231438812112,0.006081202574891267,-0.015635001977919227,0.010409136772988714,-0.0023406875966483064,1,0
Ausgrid,lightgbm_quantile,KM4,2013-02,0.04267399267399266,0.024776785714285654,0.006935817805382954,0.029577261506609318,0.00866992630385488,0.003646579869405917,-0.013096731167383344,-0.016106859410430774,-0.003289237935977037,0,0
Ausgrid,lightgbm_quantile,KM4,2013-03,0.040812565181429124,0.019140424987199145,0.006779767684395971,0.024473603768835183,0.00974386855140752,0.004979411658934772,-0.01633896141259394,-0.009396556435791625,-0.0018003560254611995,0,0
Ausgrid,lightgbm_quantile,KM4,2013-04,0.04022435897435898,0.011655773420479298,0.006301096246748433,0.02930602006688964,0.013677832244008759,0.008663136380527727,-0.010918338907469335,0.00202205882352946,0.002362040133779294,1,1
Ausgrid,lightgbm_quantile,KM4,2013-05,0.04190311791994822,0.01602888467214847,0.0130228000143849,0.03089419930233396,0.0189123474688897,0.016451792714064817,-0.011008918617614258,0.002883462796741232,0.003428992699679917,1,1
Ausgrid,lightgbm_quantile,KM4,2013-06,0.04273272017837236,0.01666666666666672,0.01191703827573397,0.030309364548495,0.02256944444444453,0.014581010776662982,-0.012423355629877359,0.005902777777777812,0.0026639725009290124,1,1
London,lightgbm_quantile,KM4,2013-03,0.03546942888085434,0.024895459976105094,0.007240404279435262,0.026555066486722154,0.01640023955406089,0.005647111972818601,-0.008914362394132184,-0.008495220422044203,-0.0015932923066166614,0,0
London,lightgbm_quantile,KM4,2013-04,0.03415706610426504,0.03132716049382711,0.005355244267350856,0.031951159574244145,0.01260636784522673,0.006000119524293358,-0.0022059065300208958,-0.01872079264860038,0.0006448752569425016,0,1
London,lightgbm_quantile,KM4,2013-05,0.039486520588395746,0.04124850657108714,0.009714450921462253,0.0393049938498812,0.01815262843488652,0.011704352152543894,-0.00018152673851454942,-0.02309587813620062,0.0019899012310816405,0,1
London,lightgbm_quantile,KM4,2013-06,0.0424144679113881,0.038486511556002134,0.006486285055598138,0.027999585417274618,0.009018264840182644,0.0036202391894090526,-0.014414882494113483,-0.02946824671581949,-0.002866045866189085,0,0
London,lightgbm_quantile,KM4,2013-07,0.048465310766988366,0.03814964157706091,0.01580171931485622,0.03814374382329026,0.0198849517085109,0.014777446634532596,-0.010321566943698103,-0.01826468986855001,-0.0010242726803236235,0,0
London,lightgbm_quantile,KM4,2013-08,0.04613305600649457,0.010535814587342651,0.003235017341972958,0.02957028335169795,0.018264635603345347,0.003472158739547764,-0.016562772654796616,0.007728821016002696,0.00023714139757480615,1,1
London,lightgbm_quantile,KM4,2013-09,0.04348927244099849,0.016990731916900592,0.01484028131943878,0.03530127088774783,0.019652600328857073,0.01893278155220407,-0.008188001553250661,0.0026618684119564806,0.00409250023276529,1,1
London,lightgbm_quantile,KM4,2013-10,0.04111872413807094,0.03419205495818389,0.008465528745775885,0.028800536809961166,0.012537335722819565,0.009201392625756083,-0.012318187328109773,-0.021654719235364328,0.0007358638799801979,0,1
London,lightgbm_quantile,KM4,2013-11,0.041571006717962336,0.038464506172839474,0.009051796064122125,0.033071205210514806,0.06122685185185195,0.010520241180985868,-0.00849980150744753,0.022762345679012475,0.0014684451168637432,1,1
London,lightgbm_quantile,KM4,2013-12,0.04518514203706499,0.05580943847072872,0.005116015023837968,0.03170927861593038,0.021512843488650013,0.004098193049860603,-0.013475863421134611,-0.03429659498207871,-0.0010178219739773653,0,0
London,lightgbm_quantile,KM4,2014-01,0.042654698092826605,0.041808542413381056,0.0036563292714928276,0.030452976942874476,0.03267622461170849,0.0019706766967883802,-0.01220172114995213,-0.009132317801672563,-0.0016856525747044474,0,0
UCI Electricity,lightgbm_quantile,KM4,2014-01,0.04223919830440908,0.03666472663780873,0.009619991869373151,0.02783555609935151,0.02460658453256026,0.00842309255889767,-0.01440364220505757,-0.01205814210524847,-0.0011968993104754817,0,0
UCI Electricity,lightgbm_quantile,KM4,2014-02,0.04200497353711141,0.04120111169291496,0.011460113368675386,0.027289990428781823,0.020761206007107624,0.010626455895914018,-0.01471498310832959,-0.020439905685807336,-0.000833657472761368,0,0
UCI Electricity,lightgbm_quantile,KM4,2014-03,0.045641234118636104,0.07281550885184807,0.01434700410083555,0.03246823727221418,0.01600878270181061,0.008651026392961931,-0.013172996846421925,-0.056806726150037457,-0.005695977707873619,0,0
UCI Electricity,lightgbm_quantile,KM4,2014-04,0.047730025817871835,0.06817428051781327,0.01159316254654764,0.03358158733007314,0.01676126752621887,0.007842025622096538,-0.014148438487798697,-0.0514130129915944,-0.003751136924451101,0,0
UCI Electricity,lightgbm_quantile,KM4,2014-05,0.04373981204832592,0.034263940926121284,0.012918421395389238,0.028773341016644107,0.01159288494416355,0.007749750358181786,-0.014966471031681815,-0.022671055981957733,-0.005168671037207452,0,0
UCI Electricity,lightgbm_quantile,KM4,2014-06,0.0399302142516284,0.03824192760215006,0.013391644471997982,0.026560594504423295,0.014748336653760852,0.005537178959046252,-0.013369619747205103,-0.02349359094838921,-0.00785446551295173,0,0
UCI Electricity,lightgbm_quantile,KM4,2014-07,0.04415739472614391,0.04098432214179182,0.014871745282460328,0.029553249685234224,0.008073551344076169,0.004723262670555664,-0.014604145040909688,-0.03291077079771565,-0.010148482611904664,0,0
UCI Electricity,lightgbm_quantile,KM4,2014-08,0.04210934508985131,0.042057400603833894,0.0126752919723874,0.026528340760095182,0.02346775028470849,0.006609489151928195,-0.015581004329756131,-0.018589650319125406,-0.006065802820459204,0,0
UCI Electricity,lightgbm_quantile,KM4,2014-09,0.04061012566329089,0.037302183964214475,0.007675412657690914,0.028971690071335633,0.015381940729645827,0.007391946292300703,-0.011638435591955258,-0.021920243234568648,-0.0002834663653902116,0,0
UCI Electricity,lightgbm_quantile,KM4,2014-10,0.04507919467325537,0.09692514753080028,0.016603845076037203,0.03413935736472966,0.027983703757593403,0.012217056160528589,-0.010939837308525713,-0.06894144377320688,-0.004386788915508614,0,0
UCI Electricity,lightgbm_quantile,KM4,2014-11,0.04283972118329873,0.03573281208886214,0.011180402889317547,0.036244335771008114,0.01453942441425049,0.009094783811011503,-0.006595385412290614,-0.021193387674611652,-0.0020856190783060443,0,0
UCI Electricity,lightgbm_quantile,KM4,2014-12,0.04785130425515959,0.04069520654312042,0.014960945362977266,0.04078969699600969,0.025059529972046746,0.01567947963988432,-0.0070616072591499005,-0.015635676571073676,0.0007185342769070527,0,1
Ausgrid,persistence_quantile_interval,KM4,2012-07,0.05541770057899092,0.035055043522785545,0.016905815082533214,0.0408912324234905,0.021864806089162747,0.01888598194699181,-0.014526468155500419,-0.013190237433622798,0.001980166864458597,0,1
Ausgrid,persistence_quantile_interval,KM4,2012-08,0.0474314021649225,0.03604786000421667,0.02077804150034159,0.042066745783435805,0.016407073582121012,0.015131981155824047,-0.005364656381486692,-0.019640786422095657,-0.005646060344517544,0,0
Ausgrid,persistence_quantile_interval,KM4,2012-09,0.06871051653660346,0.06882802746566785,0.06446488294314376,0.07732255667038272,0.06753277153558046,0.05404589371980673,0.008612040133779267,-0.0012952559300873911,-0.010418989223337026,0,0
Ausgrid,persistence_quantile_interval,KM4,2012-10,0.04851835868666161,0.0478011356771777,0.037828604308267656,0.05241396051353973,0.04077866376706529,0.031575682382133936,0.00389560182687812,-0.0070224719101124045,-0.00625292192613372,0,0
Ausgrid,persistence_quantile_interval,KM4,2012-11,0.03992707172054997,0.022300249687890128,0.012330453363062054,0.03708890746934225,0.011441798941798975,0.007002508361203979,-0.0028381642512077185,-0.010858450746091153,-0.005327945001858075,0,0
Ausgrid,persistence_quantile_interval,KM4,2012-12,0.04843294853813787,0.02501425545780378,0.012487862768367624,0.03741279174308627,0.019678641251221873,0.010130093142014568,-0.011020156795051604,-0.005335614206581907,-0.0023577696263530554,0,0
Ausgrid,persistence_quantile_interval,KM4,2013-01,0.04917017297802712,0.02199820788530471,0.00833333333333334,0.03509997482648254,0.009453405017921246,0.0061351458265904634,-0.014070198151544581,-0.012544802867383464,-0.0021981875067428767,0,0
Ausgrid,persistence_quantile_interval,KM4,2013-02,0.047390109890109895,0.010719301765650058,0.009182393693263244,0.03843665392578436,0.010498157596371849,0.00674968147794235,-0.008953455964325535,-0.000221144169278209,-0.002432712215320894,0,0
Ausgrid,persistence_quantile_interval,KM4,2013-03,0.049649818391052605,0.011669385042889946,0.009854982558348655,0.03323893264285971,0.0031140509846562248,0.001693818103355253,-0.016410885748192897,-0.008555334058233721,-0.008161164454993403,0,0
Ausgrid,persistence_quantile_interval,KM4,2013-04,0.0443167038275734,0.0256331699346406,0.016938405797101458,0.045006503158677096,0.039246632996633,0.0172194351542178,0.0006897993311036979,0.013613463061992404,0.00028102935711634205,0,0
Ausgrid,persistence_quantile_interval,KM4,2013-05,0.06686266048117383,0.05148809523809528,0.04172870140612084,0.0626389038731255,0.05080005120327702,0.042758118459380774,-0.004223756608048329,-0.0006880440348182582,0.0010294170532599359,0,1
Ausgrid,persistence_quantile_interval,KM4,2013-06,0.08173541434411002,0.08169642857142867,0.05772017837235235,0.07389678558156822,0.07690145502645507,0.05734624674842072,-0.007838628762541808,-0.004794973544973602,-0.00037393162393162954,0,0
London,persistence_quantile_interval,KM4,2013-03,0.04187984813849804,0.03380079373118117,0.015650413607512355,0.028970855169194346,0.0092667264038232,0.006515024020689755,-0.01290899296930369,-0.024534067327357967,-0.0091353895868226,0,0
London,persistence_quantile_interval,KM4,2013-04,0.04046134046411582,0.033333333333333326,0.02442414046513307,0.037581724341950104,0.03180317575088709,0.021891622686802652,-0.0028796161221657166,-0.0015301575824462343,-0.002532517778330419,0,0
London,persistence_quantile_interval,KM4,2013-05,0.04667015776071783,0.03314000589188393,0.032458466803687976,0.04497049913593352,0.05042900279864482,0.029964929166056125,-0.0016996586247843143,0.01728899690676089,-0.0024935376376318506,1,0
London,persistence_quantile_interval,KM4,2013-06,0.04681511954083052,0.06039294399197137,0.02168775128577738,0.03834160009568362,0.04375951293759506,0.017956148808415662,-0.008473519445146904,-0.016633431054376313,-0.0037316024773617167,0,0
London,persistence_quantile_interval,KM4,2013-07,0.059561988672593914,0.09670698924731191,0.034729946455769815,0.04537890916960232,0.04179371041390478,0.025159200990494266,-0.014183079502991594,-0.05491327883340713,-0.00957074546527555,0,0
London,persistence_quantile_interval,KM4,2013-08,0.05958204435741267,0.12948775388291522,0.019189483446913135,0.03511949141297309,0.01313106052554247,0.007894135516217005,-0.02446255294443958,-0.11635669335737275,-0.01129534793069613,0,0
London,persistence_quantile_interval,KM4,2013-09,0.06031607729110708,0.1748456790123457,0.02822943377775065,0.05313851038900057,0.046566358024691445,0.03472622358291641,-0.007177566902106511,-0.12827932098765427,0.00649678980516576,0,1
London,persistence_quantile_interval,KM4,2013-10,0.05488314962448396,0.13266129032258067,0.029906599855604246,0.047322798816848644,0.04260473434573675,0.03567517131874772,-0.007560350807635313,-0.09005655597684392,0.005768571463143475,0,1
London,persistence_quantile_interval,KM4,2013-11,0.055132966047029164,0.0509251771868906,0.03308965317951202,0.05163152585221127,0.08458355134852313,0.03887045774080442,-0.0035014401948178925,0.03365837416163253,0.005780804561292402,1,1
London,persistence_quantile_interval,KM4,2013-12,0.05016215607597037,0.023404745026192497,0.011907527506211107,0.03738670746194741,0.02605621484270715,0.011696458340055354,-0.01277544861402296,0.002651469816514651,-0.00021106916615575358,1,0
London,persistence_quantile_interval,KM4,2014-01,0.049431086999419886,0.025204534344244967,0.011330475796085893,0.029389835689327085,0.0146654719235364,0.0025978670653594486,-0.0200412513100928,-0.010539062420708567,-0.008732608730726444,0,0
UCI Electricity,persistence_quantile_interval,KM4,2014-01,0.05668061993504241,0.06019696029776678,0.015507441743133744,0.025438306057452773,0.042535153019024,0.006798473812001316,-0.03124231387758964,-0.01766180727874278,-0.008708967931132428,0,0
UCI Electricity,persistence_quantile_interval,KM4,2014-02,0.05588408567239211,0.06695570054945055,0.014604934715821803,0.023568417469627144,0.03224587912087906,0.006159012358609128,-0.03231566820276496,-0.034709821428571486,-0.008445922357212674,0,0
UCI Electricity,persistence_quantile_interval,KM4,2014-03,0.04972783243464824,0.04828112076095947,0.018984525273547066,0.030511935168542854,0.04948821339950371,0.01648890045091913,-0.019215897266105387,0.0012070926385442382,-0.0024956248226279364,1,0
UCI Electricity,persistence_quantile_interval,KM4,2014-04,0.052923387096774174,0.05357905982905986,0.02160618279569889,0.036445096122515466,0.04229433760683754,0.017383512544802797,-0.016478290974258708,-0.011284722222222321,-0.004222670250896093,0,0
UCI Electricity,persistence_quantile_interval,KM4,2014-05,0.05140360420017026,0.06160566583953686,0.022845520764355306,0.03181424021694573,0.029611248966087578,0.014913048276731946,-0.019589363983224528,-0.03199441687344928,-0.00793247248762336,0,0
UCI Electricity,persistence_quantile_interval,KM4,2014-06,0.05390701368523947,0.058293269230769273,0.01801380742913001,0.02823293418051483,0.023207582582582598,0.013647564353209522,-0.025674079504724643,-0.035085686648186676,-0.0043662430759204875,0,0
UCI Electricity,persistence_quantile_interval,KM4,2014-07,0.054955183993945694,0.07429693961952033,0.01846305143001293,0.03273972818717877,0.02207446808510638,0.01589568946488823,-0.022215455806766926,-0.05222247153441395,-0.0025673619651246996,0,0
UCI Electricity,persistence_quantile_interval,KM4,2014-08,0.05871133289187398,0.043642836384771955,0.014211443256708567,0.029788454261659252,0.04897125723738627,0.007529837921357129,-0.02892287863021473,0.005328420852614313,-0.006681605335351438,1,0
UCI Electricity,persistence_quantile_interval,KM4,2014-09,0.05274723036819809,0.032238247863247915,0.020788530465949837,0.028312357445421942,0.022849893162393164,0.012938864450961178,-0.024434872922776147,-0.00938835470085475,-0.00784966601498866,0,0
UCI Electricity,persistence_quantile_interval,KM4,2014-10,0.05194242108914323,0.04578680727874285,0.020141582316400185,0.035841965440040355,0.01644144144144144,0.010137995459275354,-0.016100455649102875,-0.029345365837301407,-0.010003586857124831,0,0
UCI Electricity,persistence_quantile_interval,KM4,2014-11,0.05299262789182143,0.056784188034188054,0.017763318670576737,0.04074006190941674,0.037931681681681595,0.01660353535353536,-0.012252565982404692,-0.01885250635250646,-0.0011597833170413768,0,0
UCI Electricity,persistence_quantile_interval,KM4,2014-12,0.056757086999022474,0.06985111662531018,0.013887443635102295,0.0393805379497367,0.02963709677419346,0.011038454261659246,-0.017376549049285775,-0.04021401985111672,-0.0028489893734430487,0,0
Ausgrid,lightgbm_quantile,Ward3,2012-07,0.03921719351242493,0.015880893300248222,0.009652695364476606,0.026949149494731556,0.012117521830122047,0.008958175998849292,-0.012268044017693377,-0.0037633714701261756,-0.0006945193656273142,0,0
Ausgrid,lightgbm_quantile,Ward3,2012-08,0.03799537886143775,0.010341555977229522,0.007128151184953377,0.02584780810587261,0.011907020872865215,0.008285683460998958,-0.012147570755565142,0.0015654648956356931,0.0011575322760455807,1,1
Ausgrid,lightgbm_quantile,Ward3,2012-09,0.040674934968413214,0.021704884414615933,0.015210423634336622,0.035374860646599754,0.020362602535421326,0.014276755852842798,-0.00530007432181346,-0.0013422818791946067,-0.0009336677814938237,0,0
Ausgrid,lightgbm_quantile,Ward3,2012-10,0.03663466033732513,0.011083540115798263,0.004320854461106913,0.027394181321250047,0.007969639468690781,0.004853993598734172,-0.009240479016075085,-0.0031139006471074815,0.0005331391376272587,0,1
Ausgrid,lightgbm_quantile,Ward3,2012-11,0.03705174656261614,0.011250000000000093,0.006816703827573418,0.02535535117056858,0.008421886651752475,0.006774897807506554,-0.01169639539204756,-0.0028281133482476184,-4.1806020066864104e-05,0,0
Ausgrid,lightgbm_quantile,Ward3,2012-12,0.03976786420685438,0.007040942928039695,0.006127953393030498,0.025716546193404542,0.006380455407969721,0.0042624159384327615,-0.014051318013449839,-0.0006604875200699745,-0.0018655374545977366,0,0
Ausgrid,lightgbm_quantile,Ward3,2013-01,0.0436306505556155,0.013699338296112584,0.006753245585643969,0.02799564857769627,0.009147691334598362,0.0060812025748912465,-0.015635001977919227,-0.004551646961514222,-0.0006720430107527223,0,0
Ausgrid,lightgbm_quantile,Ward3,2013-02,0.04267399267399266,0.009593720038350906,0.006935817805382984,0.029577261506609318,0.01041666666666663,0.003463429686255787,-0.013096731167383344,0.0008229466283157238,-0.0034723881191271967,1,0
Ausgrid,lightgbm_quantile,Ward3,2013-03,0.040812565181429124,0.008557949051021141,0.006779767684395992,0.024473603768835183,0.010104364326375626,0.004979411658934754,-0.01633896141259394,0.0015464152753544846,-0.0018003560254612376,1,0
Ausgrid,lightgbm_quantile,Ward3,2013-04,0.04022435897435898,0.008771367521367535,0.005743682645856627,0.02930602006688964,0.014914529914529906,0.008663136380527712,-0.010918338907469335,0.006143162393162371,0.002919453734671085,1,1
Ausgrid,lightgbm_quantile,Ward3,2013-05,0.04190311791994822,0.016056658395368073,0.0116328622289352,0.03089419930233396,0.020440446650124122,0.016451792714064824,-0.011008918617614258,0.004383788254756049,0.004818930485129625,1,1
Ausgrid,lightgbm_quantile,Ward3,2013-06,0.04273272017837236,0.014191176470588318,0.011903102935711705,0.030309364548495,0.01624254287844895,0.014581010776662993,-0.012423355629877359,0.002051366407860633,0.002677907840951288,1,1
London,lightgbm_quantile,Ward3,2013-03,0.03546942888085434,0.03712557603686628,0.007527062439579253,0.026555066486722154,0.021620583717357866,0.006393606393606435,-0.008914362394132184,-0.015504992319508415,-0.0011334560459728181,0,0
London,lightgbm_quantile,Ward3,2013-04,0.03415706610426504,0.04107142857142854,0.005399718423002102,0.031951159574244145,0.013541666666666674,0.006136321625975125,-0.0022059065300208958,-0.027529761904761862,0.0007366032029730235,0,1
London,lightgbm_quantile,Ward3,2013-05,0.039486520588395746,0.04288594470046081,0.009224438751840576,0.0393049938498812,0.03799923195084487,0.011704352152543899,-0.00018152673851454942,-0.00488671274961594,0.002479913400703323,0,1
London,lightgbm_quantile,Ward3,2013-06,0.0424144679113881,0.04259719598289746,0.006124761707446977,0.027999585417274618,0.01100925925925933,0.002098503988575876,-0.014414882494113483,-0.03158793672363813,-0.004026257718871102,0,0
London,lightgbm_quantile,Ward3,2013-07,0.048465310766988366,0.04101382488479255,0.015801719314856248,0.03814374382329026,0.01575467993192825,0.014512233172663085,-0.010321566943698103,-0.0252591449528643,-0.001289486142193163,0,0
London,lightgbm_quantile,Ward3,2013-08,0.04613305600649457,0.02229262672811061,0.0018659425160648363,0.02957028335169795,0.014573732718894061,0.0016685935525501676,-0.016562772654796616,-0.007718894009216548,-0.00019734896351466863,0,0
London,lightgbm_quantile,Ward3,2013-09,0.04348927244099849,0.030853174603174605,0.016013140469338296,0.03530127088774783,0.01988770822699648,0.019324661031198894,-0.008188001553250661,-0.010965466376178123,0.003311520561860598,0,1
London,lightgbm_quantile,Ward3,2013-10,0.04111872413807094,0.051382488479262634,0.00888148690243015,0.028800536809961166,0.020084485407065977,0.009423631589143147,-0.012318187328109773,-0.031298003072196656,0.0005421446867129968,0,1
London,lightgbm_quantile,Ward3,2013-11,0.041571006717962336,0.04394841269841265,0.008743088852054225,0.033071205210514806,0.08363095238095242,0.01052024118098594,-0.00849980150744753,0.039682539682539764,0.001777152328931714,1,1
London,lightgbm_quantile,Ward3,2013-12,0.04518514203706499,0.05949500768049154,0.0033020695444419767,0.03170927861593038,0.033246927803379456,0.0026307859533572456,-0.013475863421134611,-0.026248079877112085,-0.000671283591084731,0,0
London,lightgbm_quantile,Ward3,2014-01,0.042654698092826605,0.04874231950844854,0.003656329271492846,0.030452976942874476,0.04198348694316445,0.0019690618292411972,-0.01220172114995213,-0.00675883256528409,-0.0016872674422516486,0,0
UCI Electricity,lightgbm_quantile,Ward3,2014-01,0.04223919830440908,0.021229852608081856,0.009619991869373106,0.02783555609935151,0.0338193509795125,0.008423092558897682,-0.01440364220505757,0.01258949837143064,-0.0011968993104754244,1,0
UCI Electricity,lightgbm_quantile,Ward3,2014-02,0.04200497353711141,0.024224855512340437,0.011460113368675388,0.027289990428781823,0.03111856267593971,0.010626455895914032,-0.01471498310832959,0.006893707163599272,-0.0008336574727613559,1,0
UCI Electricity,lightgbm_quantile,Ward3,2014-03,0.045641234118636104,0.10998579333034253,0.015301366024241888,0.03246823727221418,0.009861892183198107,0.008563405074932038,-0.013172996846421925,-0.10012390114714442,-0.006737960949309851,0,0
UCI Electricity,lightgbm_quantile,Ward3,2014-04,0.047730025817871835,0.10026271055478297,0.01585127600650955,0.03358158733007314,0.008556720664362194,0.007842025622096583,-0.014148438487798697,-0.09170598989042078,-0.008009250384412967,0,0
UCI Electricity,lightgbm_quantile,Ward3,2014-05,0.04373981204832592,0.021972556872271287,0.016050291479024217,0.028773341016644107,0.009574547629729313,0.007218496781298025,-0.014966471031681815,-0.012398009242541974,-0.008831794697726193,0,0
UCI Electricity,lightgbm_quantile,Ward3,2014-06,0.0399302142516284,0.02496014111740552,0.011165107941544763,0.026560594504423295,0.01152449389584298,0.002273033171682671,-0.013369619747205103,-0.013435647221562541,-0.008892074769862092,0,0
UCI Electricity,lightgbm_quantile,Ward3,2014-07,0.04415739472614391,0.02669549945835925,0.014381144839617468,0.029553249685234224,0.02000523403618959,0.0036169448577732383,-0.014604145040909688,-0.006690265422169661,-0.01076419998184423,0,0
UCI Electricity,lightgbm_quantile,Ward3,2014-08,0.04210934508985131,0.027938811016643084,0.01074209730702592,0.026528340760095182,0.02093988335576491,0.006609489151928245,-0.015581004329756131,-0.006998927660878174,-0.004132608155097675,0,0
UCI Electricity,lightgbm_quantile,Ward3,2014-09,0.04061012566329089,0.02381007572245397,0.006870694472201908,0.028971690071335633,0.026765569463761407,0.008327997095999252,-0.011638435591955258,0.0029554937413074356,0.0014573026237973442,1,1
UCI Electricity,lightgbm_quantile,Ward3,2014-10,0.04507919467325537,0.12381860326005689,0.014490276796533016,0.03413935736472966,0.02761327949753245,0.013128396806163529,-0.010939837308525713,-0.09620532376252444,-0.0013618799903694877,0,0
UCI Electricity,lightgbm_quantile,Ward3,2014-11,0.04283972118329873,0.020702873231792096,0.010299821762875248,0.036244335771008114,0.015793540411064733,0.008954070291501328,-0.006595385412290614,-0.004909332820727363,-0.00134575147137392,0,0
UCI Electricity,lightgbm_quantile,Ward3,2014-12,0.04785130425515959,0.05564528189023488,0.012788173490209736,0.04078969699600969,0.01541295998424319,0.013409613874164748,-0.0070616072591499005,-0.040232321905991686,0.0006214403839550128,0,1
Ausgrid,persistence_quantile_interval,Ward3,2012-07,0.05541770057899092,0.027795518510500106,0.022061890890782906,0.0408912324234905,0.02144212523719169,0.01888598194699183,-0.014526468155500419,-0.006353393273308416,-0.003175908943791078,0,0
Ausgrid,persistence_quantile_interval,Ward3,2012-08,0.0474314021649225,0.043992969396195125,0.02077804150034158,0.042066745783435805,0.021900695762175793,0.01513198115582404,-0.005364656381486692,-0.022092273634019333,-0.005646060344517541,0,0
Ausgrid,persistence_quantile_interval,Ward3,2012-09,0.06871051653660346,0.06741013071895419,0.06446488294314377,0.07732255667038272,0.06783184190902303,0.054045893719806684,0.008612040133779267,0.00042171119006884084,-0.010418989223337088,0,0
Ausgrid,persistence_quantile_interval,Ward3,2012-10,0.04851835868666161,0.04986559139784941,0.03782860430826764,0.05241396051353973,0.04074161922833641,0.031575682382133936,0.00389560182687812,-0.009123972169512995,-0.006252921926133706,0,0
Ausgrid,persistence_quantile_interval,Ward3,2012-11,0.03992707172054997,0.026519607843137227,0.016984856930509076,0.03708890746934225,0.011805555555555514,0.003913507989594924,-0.0028381642512077185,-0.014714052287581714,-0.013071348940914152,0,0
Ausgrid,persistence_quantile_interval,Ward3,2012-12,0.04843294853813787,0.01764705882352935,0.011684108318049374,0.03741279174308627,0.022963192721257242,0.009987143525011665,-0.011020156795051604,0.005316133897727893,-0.0016969647930377089,1,0
Ausgrid,persistence_quantile_interval,Ward3,2013-01,0.04917017297802712,0.01830024813895781,0.005654151832272442,0.03509997482648254,0.013448766603415652,0.006135145826590467,-0.014070198151544581,-0.004851481535542157,0.0004809939943180245,0,1
Ausgrid,persistence_quantile_interval,Ward3,2013-02,0.047390109890109895,0.011843487394957886,0.007443462334766652,0.03843665392578436,0.004098753595397908,0.003092650103519674,-0.008953455964325535,-0.007744733799559977,-0.004350812231246979,0,0
Ausgrid,persistence_quantile_interval,Ward3,2013-03,0.049649818391052605,0.013543643263757121,0.007681069514870332,0.03323893264285971,0.0025300442757747454,0.0010375085410148604,-0.016410885748192897,-0.011013598987982376,-0.006643560973855472,0,0
Ausgrid,persistence_quantile_interval,Ward3,2013-04,0.0443167038275734,0.03294871794871801,0.016459959123002632,0.045006503158677096,0.021490492170022413,0.01721943515421781,0.0006897993311036979,-0.011458225778695597,0.0007594760312151783,0,0
Ausgrid,persistence_quantile_interval,Ward3,2013-05,0.06686266048117383,0.054063275434243274,0.041728701406120824,0.0626389038731255,0.04570614130042583,0.04275811845938076,-0.004223756608048329,-0.008357134133817445,0.0010294170532599359,0,1
Ausgrid,persistence_quantile_interval,Ward3,2013-06,0.08173541434411002,0.06905294556301267,0.05772017837235232,0.07389678558156822,0.06641964951528712,0.057346246748420704,-0.007838628762541808,-0.002633296047725553,-0.00037393162393161566,0,0
London,persistence_quantile_interval,Ward3,2013-03,0.04187984813849804,0.04840629800307217,0.016667159536630536,0.028970855169194346,0.02513440860215055,0.007255404319153849,-0.01290899296930369,-0.02327188940092162,-0.009411755217476687,0,0
London,persistence_quantile_interval,Ward3,2013-04,0.04046134046411582,0.04747023809523809,0.02442414046513304,0.037581724341950104,0.03184398410949263,0.02254732668645818,-0.0028796161221657166,-0.015626253985745464,-0.0018768137786748587,0,0
London,persistence_quantile_interval,Ward3,2013-05,0.04667015776071783,0.04250192012288778,0.03245846680368797,0.04497049913593352,0.049713261648745455,0.029964929166056118,-0.0016996586247843143,0.007211341525857673,-0.0024935376376318506,1,0
London,persistence_quantile_interval,Ward3,2013-06,0.04681511954083052,0.03239191939246544,0.019153707012245082,0.03834160009568362,0.04009259259259257,0.017808885270589787,-0.008473519445146904,0.007700673200127128,-0.0013448217416552957,1,0
London,persistence_quantile_interval,Ward3,2013-07,0.059561988672593914,0.06675307219662063,0.031504656049234255,0.04537890916960232,0.039802867383512464,0.02515920099049428,-0.014183079502991594,-0.02695020481310817,-0.0063454550587399745,0,0
London,persistence_quantile_interval,Ward3,2013-08,0.05958204435741267,0.10712365591397854,0.01586515585305854,0.03511949141297309,0.0093322101942791,0.007894135516217048,-0.02446255294443958,-0.09779144571969944,-0.007971020336841491,0,0
London,persistence_quantile_interval,Ward3,2013-09,0.06031607729110708,0.13134920634920644,0.02822943377775068,0.05313851038900057,0.04135151661138803,0.03472622358291644,-0.007177566902106511,-0.08999768973781841,0.006496789805165756,0,1
London,persistence_quantile_interval,Ward3,2013-10,0.05488314962448396,0.08705837173579112,0.029906599855604257,0.047322798816848644,0.03859237221306189,0.03597794535815939,-0.007560350807635313,-0.04846599952272923,0.006071345502555132,0,1
London,persistence_quantile_interval,Ward3,2013-11,0.055132966047029164,0.058956433168202316,0.03313966735019369,0.05163152585221127,0.08029075420158349,0.038870457740804366,-0.0035014401948178925,0.021334321033381176,0.005730790390610675,1,1
London,persistence_quantile_interval,Ward3,2013-12,0.05016215607597037,0.035685483870967705,0.012661998945998636,0.03738670746194741,0.026175007840853137,0.011390475268609092,-0.01277544861402296,-0.009510476030114567,-0.0012715236773895439,0,0
London,persistence_quantile_interval,Ward3,2014-01,0.049431086999419886,0.036165514592933934,0.006934457704325555,0.029389835689327085,0.018836405529953915,0.0016792961208125347,-0.0200412513100928,-0.01732910906298002,-0.00525516158351302,0,0
UCI Electricity,persistence_quantile_interval,Ward3,2014-01,0.05668061993504241,0.13342667264038233,0.014944581086620562,0.025438306057452773,0.03885902031063315,0.006798473812001356,-0.03124231387758964,-0.09456765232974917,-0.008146107274619206,0,0
UCI Electricity,persistence_quantile_interval,Ward3,2014-02,0.05588408567239211,0.1300677910052911,0.012306023949169121,0.023568417469627144,0.047656249999999956,0.00395218021226085,-0.03231566820276496,-0.08241154100529113,-0.00835384373690827,0,0
UCI Electricity,persistence_quantile_interval,Ward3,2014-03,0.04972783243464824,0.12663157108721634,0.024990737237095165,0.030511935168542854,0.043413978494623584,0.016488900450919126,-0.019215897266105387,-0.08321759259259276,-0.00850183678617604,0,0
UCI Electricity,persistence_quantile_interval,Ward3,2014-04,0.052923387096774174,0.14868827160493836,0.02584005376344086,0.036445096122515466,0.03964120370370361,0.015302215705441465,-0.016478290974258708,-0.10904706790123475,-0.010537838057999396,0,0
UCI Electricity,persistence_quantile_interval,Ward3,2014-05,0.05140360420017026,0.16572207287933094,0.023815154668432422,0.03181424021694573,0.0268555854241338,0.011164979661337598,-0.019589363983224528,-0.13886648745519714,-0.012650175007094824,0,0
UCI Electricity,persistence_quantile_interval,Ward3,2014-06,0.05390701368523947,0.16222993827160503,0.020781402737047882,0.02823293418051483,0.02476287262872634,0.006914915281850775,-0.025674079504724643,-0.1374670656428787,-0.013866487455197106,0,0
UCI Electricity,persistence_quantile_interval,Ward3,2014-07,0.054955183993945694,0.15804958183990447,0.016152484785419273,0.03273972818717877,0.022708497246262782,0.017189322990571708,-0.022215455806766926,-0.1353410845936417,0.001036838205152435,0,1
UCI Electricity,persistence_quantile_interval,Ward3,2014-08,0.05871133289187398,0.11438545400238953,0.020396998076498606,0.029788454261659252,0.04195788530465949,0.008631515466843216,-0.02892287863021473,-0.07242756869773004,-0.01176548260965539,0,0
UCI Electricity,persistence_quantile_interval,Ward3,2014-09,0.05274723036819809,0.10341435185185188,0.020536005213424514,0.028312357445421942,0.03346836419753085,0.012938864450961133,-0.024434872922776147,-0.06994598765432103,-0.007597140762463381,0,0
UCI Electricity,persistence_quantile_interval,Ward3,2014-10,0.05194242108914323,0.11951911589008368,0.0189492479424841,0.035841965440040355,0.03562948028673829,0.010137995459275318,-0.016100455649102875,-0.08388963560334539,-0.008811252483208782,0,0
UCI Electricity,persistence_quantile_interval,Ward3,2014-11,0.05299262789182143,0.13288966049382722,0.022023664059954352,0.04074006190941674,0.044290123456790065,0.012265803193222525,-0.012252565982404692,-0.08859953703703716,-0.009757860866731827,0,0
UCI Electricity,persistence_quantile_interval,Ward3,2014-12,0.056757086999022474,0.15493204898446833,0.01416572068237003,0.0393805379497367,0.03521878733572281,0.010020338662378241,-0.017376549049285775,-0.11971326164874552,-0.004145382019991789,0,0
