left,right,scope,contrast,block_months,resample_datasets,mean_delta,ci95_low,ci95_high
CSGR,Ex-post best fixed,LightGBM,CSGR minus Ex-post best fixed,2,False,1.7213924566343186e-05,-4.969233394265069e-05,8.636583617447264e-05
CSGR,Ex-post best fixed,LightGBM,CSGR minus Ex-post best fixed,2,True,1.7213924566343186e-05,-4.969233394265069e-05,0.00011106389647441962
CSGR,Ex-post best fixed,LightGBM,CSGR minus Ex-post best fixed,3,False,1.7213924566343186e-05,-4.220819820904689e-05,8.636583617447264e-05
CSGR,Ex-post best fixed,LightGBM,CSGR minus Ex-post best fixed,3,True,1.7213924566343186e-05,-4.220819820904689e-05,0.00010357976074081583
CSGR,Previous-window winner,LightGBM,CSGR minus Previous-window winner,2,False,-0.001079128627807865,-0.0020738780773010067,-0.0002999619093062264
CSGR,Previous-window winner,LightGBM,CSGR minus Previous-window winner,2,True,-0.001079128627807865,-0.0021575687829035223,-0.00025821935971400236
CSGR,Previous-window winner,LightGBM,CSGR minus Previous-window winner,3,False,-0.001079128627807865,-0.0019623863015769388,-0.00032089512614693277
CSGR,Previous-window winner,LightGBM,CSGR minus Previous-window winner,3,True,-0.001079128627807865,-0.0020964834462194634,-0.00028348723935228383
CSGR,Follow-the-leader,LightGBM,CSGR minus Follow-the-leader,2,False,-0.0007900604545781996,-0.001778379661607112,-1.6905514848754834e-05
CSGR,Follow-the-leader,LightGBM,CSGR minus Follow-the-leader,2,True,-0.0007900604545781996,-0.0019841693045256252,-1.770569299147988e-05
CSGR,Follow-the-leader,LightGBM,CSGR minus Follow-the-leader,3,False,-0.0007900604545781996,-0.0017303067087081868,-3.448400383558372e-05
CSGR,Follow-the-leader,LightGBM,CSGR minus Follow-the-leader,3,True,-0.0007900604545781996,-0.0019439481653650025,-2.2028705560405565e-05
CSGR,Mean-fold minimum,LightGBM,CSGR minus Mean-fold minimum,2,False,1.7213924566343186e-05,-4.969233394265069e-05,9.384997190807644e-05
CSGR,Mean-fold minimum,LightGBM,CSGR minus Mean-fold minimum,2,True,1.7213924566343186e-05,-4.705594526445601e-05,0.00011106389647441962
CSGR,Mean-fold minimum,LightGBM,CSGR minus Mean-fold minimum,3,False,1.7213924566343186e-05,-4.969233394265069e-05,8.636583617447264e-05
CSGR,Mean-fold minimum,LightGBM,CSGR minus Mean-fold minimum,3,True,1.7213924566343186e-05,-4.220819820904689e-05,0.00010173486208174086
CSGR,Latest-fold minimum,LightGBM,CSGR minus Latest-fold minimum,2,False,-0.00014869349212411707,-0.0005452925100207445,8.326961906415608e-05
CSGR,Latest-fold minimum,LightGBM,CSGR minus Latest-fold minimum,2,True,-0.00014869349212411707,-0.0007613132066247806,0.0001408468431804712
CSGR,Latest-fold minimum,LightGBM,CSGR minus Latest-fold minimum,3,False,-0.00014869349212411707,-0.0005293500954365074,7.04234215902356e-05
CSGR,Latest-fold minimum,LightGBM,CSGR minus Latest-fold minimum,3,True,-0.00014869349212411707,-0.0007613132066247806,0.0001377506260701546
CSGR,Global-CQR,LightGBM,CSGR minus Global-CQR,2,False,-0.010694951233130875,-0.012450034880037878,-0.008847798760169745
CSGR,Global-CQR,LightGBM,CSGR minus Global-CQR,2,True,-0.010694951233130875,-0.017023740877468337,-0.006076857953835734
CSGR,Global-CQR,LightGBM,CSGR minus Global-CQR,3,False,-0.010694951233130875,-0.012443536395748656,-0.008799266813888396
CSGR,Global-CQR,LightGBM,CSGR minus Global-CQR,3,True,-0.010694951233130875,-0.016910205472810778,-0.006055626797649804
CSGR,Ex-post best fixed,Persistence,CSGR minus Ex-post best fixed,2,False,-0.0006362591868240302,-0.0013122861303185192,-8.478253029402969e-05
CSGR,Ex-post best fixed,Persistence,CSGR minus Ex-post best fixed,2,True,-0.0006362591868240302,-0.0017659084933781335,1.584303811219634e-05
CSGR,Ex-post best fixed,Persistence,CSGR minus Ex-post best fixed,3,False,-0.0006362591868240302,-0.0012332824527059728,-9.037560842934708e-05
CSGR,Ex-post best fixed,Persistence,CSGR minus Ex-post best fixed,3,True,-0.0006362591868240302,-0.0016547336570446741,2.202878702901658e-05
CSGR,Previous-window winner,Persistence,CSGR minus Previous-window winner,2,False,-0.0035456641686609607,-0.006487623003907026,-0.0012250037407270887
CSGR,Previous-window winner,Persistence,CSGR minus Previous-window winner,2,True,-0.0035456641686609607,-0.006908017487484478,-0.0008735250231937464
CSGR,Previous-window winner,Persistence,CSGR minus Previous-window winner,3,False,-0.0035456641686609607,-0.006269271227482359,-0.0011907785114287001
CSGR,Previous-window winner,Persistence,CSGR minus Previous-window winner,3,True,-0.0035456641686609607,-0.006677487217547401,-0.0008776596552946972
CSGR,Follow-the-leader,Persistence,CSGR minus Follow-the-leader,2,False,-0.0031448468836463433,-0.0059791831896054345,-0.0009287792901878692
CSGR,Follow-the-leader,Persistence,CSGR minus Follow-the-leader,2,True,-0.0031448468836463433,-0.006271158916116117,-0.0007122558972515867
CSGR,Follow-the-leader,Persistence,CSGR minus Follow-the-leader,3,False,-0.0031448468836463433,-0.005751500452771183,-0.0009664927859900656
CSGR,Follow-the-leader,Persistence,CSGR minus Follow-the-leader,3,True,-0.0031448468836463433,-0.006163917289597758,-0.0008099370621888233
CSGR,Mean-fold minimum,Persistence,CSGR minus Mean-fold minimum,2,False,-0.0003272151800160678,-0.000972799443389068,8.037698017496123e-05
CSGR,Mean-fold minimum,Persistence,CSGR minus Mean-fold minimum,2,True,-0.0003272151800160678,-0.0012439253996656525,7.989313583248708e-05
CSGR,Mean-fold minimum,Persistence,CSGR minus Mean-fold minimum,3,False,-0.0003272151800160678,-0.0009088446811571983,7.703622177638461e-05
CSGR,Mean-fold minimum,Persistence,CSGR minus Mean-fold minimum,3,True,-0.0003272151800160678,-0.0011808080565345726,7.879890313213954e-05
CSGR,Latest-fold minimum,Persistence,CSGR minus Latest-fold minimum,2,False,-0.0004332968284711041,-0.0010989891306155111,4.854588335534297e-05
CSGR,Latest-fold minimum,Persistence,CSGR minus Latest-fold minimum,2,True,-0.0004332968284711041,-0.0012723912669430923,0.00011250059765510626
CSGR,Latest-fold minimum,Persistence,CSGR minus Latest-fold minimum,3,False,-0.0004332968284711041,-0.001043895879042666,3.339152573057034e-05
CSGR,Latest-fold minimum,Persistence,CSGR minus Latest-fold minimum,3,True,-0.0004332968284711041,-0.001195903318375549,0.00010553071732238532
CSGR,Global-CQR,Persistence,CSGR minus Global-CQR,2,False,-0.017323203108996977,-0.021318570596579416,-0.013045404185606726
CSGR,Global-CQR,Persistence,CSGR minus Global-CQR,2,True,-0.017323203108996977,-0.03469465048324372,-0.005424582792130263
CSGR,Global-CQR,Persistence,CSGR minus Global-CQR,3,False,-0.017323203108996977,-0.02114803491098743,-0.013312683752462163
CSGR,Global-CQR,Persistence,CSGR minus Global-CQR,3,True,-0.017323203108996977,-0.0340856390700589,-0.00548646840987996
CSGR,Ex-post best fixed,Combined,CSGR minus Ex-post best fixed,2,False,-0.0003095226311288435,-0.0006492851273947194,-2.56319884974349e-05
CSGR,Ex-post best fixed,Combined,CSGR minus Ex-post best fixed,2,True,-0.0003095226311288435,-0.0008599186594762997,1.0330199587237077e-05
CSGR,Ex-post best fixed,Combined,CSGR minus Ex-post best fixed,3,False,-0.0003095226311288435,-0.0006013834044561277,-3.434832453819066e-05
CSGR,Ex-post best fixed,Combined,CSGR minus Ex-post best fixed,3,True,-0.0003095226311288435,-0.0008057947144076644,1.343863984473891e-05
CSGR,Previous-window winner,Combined,CSGR minus Previous-window winner,2,False,-0.0023123963982344124,-0.004202117248030917,-0.0008530496445131281
CSGR,Previous-window winner,Combined,CSGR minus Previous-window winner,2,True,-0.0023123963982344124,-0.004380015079351866,-0.000625520189697999
CSGR,Previous-window winner,Combined,CSGR minus Previous-window winner,3,False,-0.0023123963982344124,-0.0040374363310822885,-0.0008261527000180215
CSGR,Previous-window winner,Combined,CSGR minus Previous-window winner,3,True,-0.0023123963982344124,-0.004273543294760202,-0.0006120077620801901
CSGR,Follow-the-leader,Combined,CSGR minus Follow-the-leader,2,False,-0.0019674536691122713,-0.0038141065406639154,-0.0005481576776606386
CSGR,Follow-the-leader,Combined,CSGR minus Follow-the-leader,2,True,-0.0019674536691122713,-0.00406692690854913,-0.00044619507189432294
CSGR,Follow-the-leader,Combined,CSGR minus Follow-the-leader,3,False,-0.0019674536691122713,-0.003681145089469705,-0.0005701065208585528
CSGR,Follow-the-leader,Combined,CSGR minus Follow-the-leader,3,True,-0.0019674536691122713,-0.003961698987008015,-0.0004967272155051123
CSGR,Mean-fold minimum,Combined,CSGR minus Mean-fold minimum,2,False,-0.00015500062772486232,-0.00046714410842330566,5.302027919863143e-05
CSGR,Mean-fold minimum,Combined,CSGR minus Mean-fold minimum,2,True,-0.00015500062772486232,-0.0005905482225450981,4.834548293932603e-05
CSGR,Mean-fold minimum,Combined,CSGR minus Mean-fold minimum,3,False,-0.00015500062772486232,-0.000431071137616313,4.413860521437163e-05
CSGR,Mean-fold minimum,Combined,CSGR minus Mean-fold minimum,3,True,-0.00015500062772486232,-0.0005594514853643353,4.462982786093244e-05
CSGR,Latest-fold minimum,Combined,CSGR minus Latest-fold minimum,2,False,-0.0002909951602976106,-0.0006499426098064574,-6.87123897816195e-06
CSGR,Latest-fold minimum,Combined,CSGR minus Latest-fold minimum,2,True,-0.0002909951602976106,-0.0007258832098303686,6.744379734624557e-05
CSGR,Latest-fold minimum,Combined,CSGR minus Latest-fold minimum,3,False,-0.0002909951602976106,-0.0006154712243501911,-2.098267870866961e-05
CSGR,Latest-fold minimum,Combined,CSGR minus Latest-fold minimum,3,True,-0.0002909951602976106,-0.0007029467936676662,5.78326081691302e-05
CSGR,Global-CQR,Combined,CSGR minus Global-CQR,2,False,-0.014009077171063927,-0.01643293488920726,-0.011469715060751527
CSGR,Global-CQR,Combined,CSGR minus Global-CQR,2,True,-0.014009077171063927,-0.026003393314838585,-0.005927858059199052
CSGR,Global-CQR,Combined,CSGR minus Global-CQR,3,False,-0.014009077171063927,-0.016356396779353785,-0.011557275383854652
CSGR,Global-CQR,Combined,CSGR minus Global-CQR,3,True,-0.014009077171063927,-0.025735882280939076,-0.00598471873178179
