dataset,forecaster_key,window,window_order,scenario,comparison,target,base,delta_picp,delta_mpiw,delta_winkler_interval_score,delta_macro_user_abs_coverage_gap,delta_max_abs_cluster_coverage_gap,delta_joint_loss,relative_mpiw_change,relative_winkler_interval_score_change
London,lgbm,2013-03,0,O,aci_global_vs_static_global,aci_global,static_global,0.0041519718504913206,0.000972340108175318,-2.9386259257080383e-05,-0.0006901332075517005,-0.0054704864386067,-0.003080309823079202,0.0025433302527978793,-4.473953892201348e-05
London,lgbm,2013-04,1,O,aci_global_vs_static_global,aci_global,static_global,0.002402994222529209,0.0005082281044285208,-4.342982137250928e-07,-0.00022338650054180148,0.0010077388367433007,0.0003921761681007496,0.0015512188292551414,-7.810289553347199e-07
London,lgbm,2013-05,2,O,aci_global_vs_static_global,aci_global,static_global,0.004339377802879074,0.0008326875706201053,5.883851608712298e-06,-0.0004741287490175952,0.004822289773881199,0.0021740805124318037,0.003005243489141286,1.2082039619711309e-05
London,lgbm,2013-06,3,O,aci_global_vs_static_global,aci_global,static_global,0.0013306840160793865,0.00022009030923969553,1.6277045921109234e-06,-3.2257891044003284e-05,0.0019563008130082,0.0009620214609820966,0.0008561577315884932,3.6111395030820134e-06
London,lgbm,2013-07,4,O,aci_global_vs_static_global,aci_global,static_global,-0.01327277715613695,-0.0025915605394132013,-0.00019031200320729358,-0.0020090505859651983,-0.0225708103855232,-0.012289930485744203,-0.01096241909385233,-0.0004760336390413116
London,lgbm,2013-08,5,O,aci_global_vs_static_global,aci_global,static_global,-0.0021133008899523187,-0.000351247104802499,-7.2606655676099585e-06,-1.4404981091009628e-06,-0.0033690457649209003,-0.0016852431315149997,-0.0015168376818537025,-1.836565706313955e-05
London,lgbm,2013-09,6,O,aci_global_vs_static_global,aci_global,static_global,0.012327527865827137,0.002158142537181995,-6.166126223378088e-05,-0.0012446712475119026,-0.007916542941502598,-0.00458060709450725,0.008284236359376302,-0.00013385891810096403
London,lgbm,2013-10,7,O,aci_global_vs_static_global,aci_global,static_global,0.005242525667793152,0.0010456516482065803,-5.021963916718164e-06,-0.0006270768499459997,-0.0006341659899773994,-0.0006306214199616987,0.0035992359640338195,-9.92704802501579e-06
London,lgbm,2013-11,8,O,aci_global_vs_static_global,aci_global,static_global,0.005802861243061064,0.0014171822780025267,-2.5554384182169265e-05,-0.00011918773343019828,-0.0078602102267434,-0.003989698980086796,0.004046527408778323,-4.173515195648588e-05
London,lgbm,2013-12,9,O,aci_global_vs_static_global,aci_global,static_global,-0.0002381106124689225,-7.290237820500867e-05,-2.817053134651637e-06,-7.523445890649655e-05,-0.0003115418039909999,-0.0001933881314487504,-0.0001976891844326751,-4.529420653373276e-06
London,lgbm,2014-01,10,O,aci_global_vs_static_global,aci_global,static_global,-0.0036388348730647113,-0.000981735564318409,-6.791124542049332e-06,-0.00023456061663670175,-0.0046623457253921,-0.0024484531710144003,-0.0026720495599039155,-1.0905440697495172e-05
Ausgrid,lgbm,2012-07,0,O,aci_global_vs_static_global,aci_global,static_global,0.007426187650591665,0.0026788175008906068,-6.231479508767013e-05,-0.0006724925378501986,-0.006814751933597301,-0.0037436222357237516,0.004493506955645577,-6.313329914873087e-05
Ausgrid,lgbm,2012-08,1,O,aci_global_vs_static_global,aci_global,static_global,-0.005326896105297241,-0.0016375290902980177,-0.0001346038789481474,-0.0003425396482900009,-0.0044895244429665,-0.002416032045628253,-0.0029206967769629826,-0.00014996194905891278
Ausgrid,lgbm,2012-09,2,O,aci_global_vs_static_global,aci_global,static_global,-0.012381549609810527,-0.0037224707884823127,-0.00026325911488223053,-0.0031377740616871028,-0.017195391414141503,-0.0101665827379143,-0.008892420025084788,-0.0004089986135741058
Ausgrid,lgbm,2012-10,3,O,aci_global_vs_static_global,aci_global,static_global,0.00308375588880494,0.0009565414351239143,-2.318379755328337e-05,0.0001780127306073992,-0.002405206564799001,-0.0011135969170958,0.002548797890486014,-3.8417695075898505e-05
Ausgrid,lgbm,2012-11,4,O,aci_global_vs_static_global,aci_global,static_global,0.006287160906726208,0.0017775585290998874,-1.7112908916927516e-05,-0.0008523782980305039,-0.0045991715399609995,-0.0027257749189957547,0.004851922320291214,-2.815909578093696e-05
Ausgrid,lgbm,2012-12,5,O,aci_global_vs_static_global,aci_global,static_global,-7.417197108638973e-05,-9.10045454329822e-05,4.3579687869499395e-07,6.967670011150118e-05,-2.2910557184700406e-05,2.3383071463402988e-05,-0.00022688271027228944,6.604473757055206e-07
Ausgrid,lgbm,2013-01,6,O,aci_global_vs_static_global,aci_global,static_global,0.005965224583737938,0.002010799852399048,-1.6102079975155448e-05,-0.0004162620922789975,-0.002863390912520799,-0.0016398265023998965,0.0044956277044722,-2.0709422015486255e-05
Ausgrid,lgbm,2013-02,7,O,aci_global_vs_static_global,aci_global,static_global,-0.005479574773053053,-0.0017441593819769174,-6.146032134424217e-05,-0.00040412486064660136,-0.0065019615800865,-0.003453043220366551,-0.004535785307442137,-9.753214375309982e-05
Ausgrid,lgbm,2013-03,8,O,aci_global_vs_static_global,aci_global,static_global,-0.006070863451648867,-0.0019881924484811964,-7.232506063026278e-05,-0.0002557809184738011,-0.0081027003910068,-0.0041792406547402974,-0.0052101005895364184,-0.0001158590803761394
Ausgrid,lgbm,2013-04,9,O,aci_global_vs_static_global,aci_global,static_global,0.005139817911557043,0.001509917678118089,-2.6020092352752044e-05,-0.0001045150501672032,-0.0037463450292397997,-0.0019254300397034997,0.0040532245553700835,-4.352433106274024e-05
Ausgrid,lgbm,2013-05,10,O,aci_global_vs_static_global,aci_global,static_global,0.010112112058114908,0.0031416504387550837,-0.00010292675909229221,-0.0013517279821627995,-0.008211893982267498,-0.004781810982215147,0.007069884141910618,-0.0001402058983924768
Ausgrid,lgbm,2013-06,11,O,aci_global_vs_static_global,aci_global,static_global,0.009791898922333786,0.0035297261374276356,-0.0001139378492408527,-0.0017047565960608968,-0.008114035087719202,-0.004909395841890051,0.006249585158414029,-0.0001201252171361399
UCI Electricity,lgbm,2014-01,0,O,aci_global_vs_static_global,aci_global,static_global,-0.008596361741848635,-0.8888140129893145,-0.37536879894651065,0.0031058205025991034,0.06093638088042,0.032021100691509555,-0.0024916299192852074,-0.0008974189109955884
UCI Electricity,lgbm,2014-02,1,O,aci_global_vs_static_global,aci_global,static_global,-0.009662996971299354,-1.143055155307593,-0.5411742434689586,0.003188657887951203,0.06228055649971111,0.03273460719383115,-0.0032792284261417546,-0.001338267017028848
UCI Electricity,lgbm,2014-03,2,O,aci_global_vs_static_global,aci_global,static_global,0.003772255617434217,0.9173711084753222,0.3021642433283773,-0.0009439026219297958,-0.020425203130452006,-0.010684552876190904,0.0026692305898763794,0.0007383249009226657
UCI Electricity,lgbm,2014-04,3,O,aci_global_vs_static_global,aci_global,static_global,0.0057814902581379,1.1718203377647,0.09521197448515295,-0.002247745524698301,-0.038878586514191495,-0.020563166019444898,0.003206156528505082,0.00019717998652278853
UCI Electricity,lgbm,2014-05,4,O,aci_global_vs_static_global,aci_global,static_global,0.004834960116512743,1.5396907271779696,0.6236580839010912,-0.0011134222439741007,0.0043104058936035,0.0015984918248146962,0.003302156982043689,0.0011755374043423592
UCI Electricity,lgbm,2014-06,5,O,aci_global_vs_static_global,aci_global,static_global,-0.0020077168109829957,-0.16228259068259376,-0.08568095314683433,-0.00022860848604489697,-0.0005746285045017986,-0.00040161849527334606,-0.00032026087998023,-0.00013943659916762166
UCI Electricity,lgbm,2014-07,6,O,aci_global_vs_static_global,aci_global,static_global,-0.0015343597920769447,-0.2222191955773951,-0.13530110241356397,-0.0007047201051455995,-0.0005064815470708986,-0.0006056008261082491,-0.0003915479199360972,-0.00020028240214322744
UCI Electricity,lgbm,2014-08,7,O,aci_global_vs_static_global,aci_global,static_global,-0.004089981567947931,-0.5749670441845183,-0.09830854564290803,0.00044185615105599846,-0.0012963094141815006,-0.00042722663156275625,-0.0010034790050631847,-0.00013834264615312657
UCI Electricity,lgbm,2014-09,8,O,aci_global_vs_static_global,aci_global,static_global,-0.005335897446355542,-0.39508269864199974,-0.1606106515346255,0.0018168358627779005,0.0254960728974345,0.013656454380106202,-0.0007193714973896873,-0.00024652076229209513
UCI Electricity,lgbm,2014-10,9,O,aci_global_vs_static_global,aci_global,static_global,0.010184004767862631,1.334824764658947,0.04173110019701198,-0.005774521141603102,-0.0822303815468086,-0.04400245134420585,0.0030663987160583937,6.828159731206014e-05
UCI Electricity,lgbm,2014-11,10,O,aci_global_vs_static_global,aci_global,static_global,-0.008353080810346691,-1.138250033411964,-0.24779051296837906,0.002964772676289501,0.055600425108514,0.02928259889240175,-0.003200227666330576,-0.0005516334273781874
UCI Electricity,lgbm,2014-12,11,O,aci_global_vs_static_global,aci_global,static_global,0.006932740771146473,2.565547485727052,0.6527086438683796,-0.0030442487656050995,-0.0239020985992721,-0.013473173682438597,0.007358981977926123,0.0015391190237008415
London,persistence,2013-03,0,O,aci_global_vs_static_global,aci_global,static_global,-0.005367353906621686,-0.011111102089279401,0.00021380124831149594,-0.0004383510841135044,0.005475724016951795,0.0025186864664191455,-0.02709821735601372,0.00020533393404729378
London,persistence,2013-04,1,O,aci_global_vs_static_global,aci_global,static_global,-0.019735023345562985,-0.038515787083209074,-0.0029187400116770235,-0.005088705095686,-0.0163428908607422,-0.010715797978214099,-0.09612512130508215,-0.003160273030911082
London,persistence,2013-05,2,O,aci_global_vs_static_global,aci_global,static_global,-0.0277031359428328,-0.04490368616183088,-0.004469615969497576,-0.006455565470304396,-0.027433225914869203,-0.016944395692586798,-0.12053086491801142,-0.005467956466225877
London,persistence,2013-06,3,O,aci_global_vs_static_global,aci_global,static_global,-0.014483230017310333,-0.018447489258140326,-0.001773194890649754,0.0009122568153270005,-0.016488821138211398,-0.0077882821614422,-0.05539144184076772,-0.0023415131059614388
London,persistence,2013-07,4,O,aci_global_vs_static_global,aci_global,static_global,-0.024392670234489544,-0.02770653417152852,-0.004119124620397874,0.0012925355211622983,-0.0323646079202729,-0.015536036199555299,-0.08724136287592663,-0.006177185352109721
London,persistence,2013-08,5,O,aci_global_vs_static_global,aci_global,static_global,-0.009598505316074535,-0.01067043614621982,-0.0010979096919612186,0.0017458234780172027,-0.014818700413087596,-0.006536438467535197,-0.03571491778500586,-0.0016623856626906547
London,persistence,2013-09,6,O,aci_global_vs_static_global,aci_global,static_global,0.02350346023164518,0.025602805186800026,-0.0014110697404555728,-0.010953179758408503,-0.028149509803921603,-0.019551344781165055,0.08914086961969798,-0.001845488599057841
London,persistence,2013-10,7,O,aci_global_vs_static_global,aci_global,static_global,0.02486323406234836,0.027775305888762758,-0.0015637995307277164,-0.011797303521374702,-0.0301172956232149,-0.020957299572294797,0.09050885505751116,-0.0018712193235939562
London,persistence,2013-11,8,O,aci_global_vs_static_global,aci_global,static_global,0.027735636208036762,0.043172937571523295,-0.005885811829408394,-0.011267926223396701,-0.027889053567647697,-0.019578489895522196,0.1291462269336692,-0.006017768701349251
London,persistence,2013-12,9,O,aci_global_vs_static_global,aci_global,static_global,0.009772367954054118,0.01897409866186628,-0.0013227350150689654,-0.0023629074750742968,-0.009819350185239798,-0.006091128830157045,0.05185916701456821,-0.0013350139961312906
London,persistence,2014-01,10,O,aci_global_vs_static_global,aci_global,static_global,0.0008228416540730921,0.001977354674904397,-0.0003891019020256792,-3.1653792184199725e-05,-0.0009358914365933009,-0.0004837726143887486,0.005087175613953189,-0.0003851117649184405
Ausgrid,persistence,2012-07,0,O,aci_global_vs_static_global,aci_global,static_global,0.013564480166864401,0.04564890566217028,-0.0025396691152914652,-0.0028252778077462945,-0.012539711632453598,-0.00768249472009995,0.073918919998328,-0.0016321619957461381
Ausgrid,persistence,2012-08,1,O,aci_global_vs_static_global,aci_global,static_global,-0.014922052001294595,-0.048595379272464934,-0.006551994250639126,-0.0019046463120796983,-0.015020750801735504,-0.008462698556907608,-0.07180170856709862,-0.004595195597988904
Ausgrid,persistence,2012-09,2,O,aci_global_vs_static_global,aci_global,static_global,-0.05291713117800079,-0.14258381366981304,-0.03243847962379709,-0.027290040876997303,-0.048833046964490395,-0.03806154392074384,-0.22581330252206847,-0.031127404081426495
Ausgrid,persistence,2012-10,3,O,aci_global_vs_static_global,aci_global,static_global,-0.03171638436364943,-0.06629919469836676,-0.008878704824563988,-0.011109163160355297,-0.028599933488526796,-0.019854548324441047,-0.12888314781915053,-0.00950392209875715
Ausgrid,persistence,2012-11,4,O,aci_global_vs_static_global,aci_global,static_global,-0.009392419175027866,-0.01599945986088286,-0.0006075404117336092,0.0003948346339650993,-0.006113283997508,-0.0028592246817714523,-0.0362769297356302,-0.000659106260891519
Ausgrid,persistence,2012-12,5,O,aci_global_vs_static_global,aci_global,static_global,-0.008875912540007969,-0.014302832811288801,-0.0007271661481872416,0.0005147085266299992,-0.0101722873900293,-0.004828789431699648,-0.033202761466294535,-0.0007711450613634704
Ausgrid,persistence,2013-01,6,O,aci_global_vs_static_global,aci_global,static_global,0.0034568633797245063,0.006501520552172235,-8.396874298322032e-05,-0.0005547164383069014,-0.003708026787398601,-0.002131371612852751,0.015566234718003091,-8.06692438844558e-05
Ausgrid,persistence,2013-02,7,O,aci_global_vs_static_global,aci_global,static_global,-0.0025680840898232304,-0.0035439221570673363,-3.309774495718898e-05,0.0005076445293837051,-0.00031737419149240054,9.513516894565227e-05,-0.008456263003892453,-3.511175945829781e-05
Ausgrid,persistence,2013-03,8,O,aci_global_vs_static_global,aci_global,static_global,-0.002209425684180255,-0.0030003926836482675,-3.913917905196129e-05,3.011831553199895e-05,0.0015672696832501002,0.0007986939993910522,-0.007116296017586844,-4.1667737780159054e-05
Ausgrid,persistence,2013-04,9,O,aci_global_vs_static_global,aci_global,static_global,0.010718599033816445,0.019000444334406175,-0.00048288784933858686,-0.0021762356001487,-0.011647173489278802,-0.006911704544713751,0.04572527308008739,-0.0005209845988123032
Ausgrid,persistence,2013-05,10,O,aci_global_vs_static_global,aci_global,static_global,0.03406965871902756,0.07439427555606842,-0.00990685988828588,-0.017615168842377897,-0.036879833993586096,-0.027247501417981997,0.17400854502154056,-0.008462440195444764
Ausgrid,persistence,2013-06,11,O,aci_global_vs_static_global,aci_global,static_global,0.046941192865105896,0.13114410043627667,-0.024121703502921088,-0.023803883314752895,-0.045052083333333395,-0.03442798332404314,0.2739462087409549,-0.01610906409489568
UCI Electricity,persistence,2014-01,0,O,aci_global_vs_static_global,aci_global,static_global,-0.0020998880585249013,-0.6543103315458723,-0.3030542237740974,6.483934033359867e-05,0.007890282755874195,0.0039775610481039,-0.002896695153840387,-0.0007894249964070445
UCI Electricity,persistence,2014-02,1,O,aci_global_vs_static_global,aci_global,static_global,0.0015993750872783652,2.1119605215531863,-0.09236342264790665,0.0001291719033654007,-0.003417107583774212,-0.0016439678402044022,0.009284860529485899,-0.00024982891561785796
UCI Electricity,persistence,2014-03,2,O,aci_global_vs_static_global,aci_global,static_global,-0.010584184719200307,-10.260067888980046,-1.1138617272029023,-0.0006466196827798962,0.0302917164476304,0.014822548382425249,-0.04437679742386836,-0.0029783752317657495
UCI Electricity,persistence,2014-04,3,O,aci_global_vs_static_global,aci_global,static_global,-0.008001384815900958,-0.38189076664895083,-0.002815491086437305,-0.0020446399478656965,0.0318672839506174,0.014911322001375862,-0.0017316457165517816,-6.916616804630465e-06
UCI Electricity,persistence,2014-05,4,O,aci_global_vs_static_global,aci_global,static_global,-0.005296526660990786,-0.10958279506940016,-0.0036173646436736817,-0.001832253334594601,0.0193150139386698,0.008741380302037596,-0.0004968925558599959,-7.998039585091485e-06
UCI Electricity,persistence,2014-06,5,O,aci_global_vs_static_global,aci_global,static_global,-5.804007820142676e-05,2.2349529191266697,-0.6010653350071493,-0.0011760752688171963,0.004835390946501997,0.0018296578388424106,0.010134177246312201,-0.0011773431819626762
UCI Electricity,persistence,2014-07,6,O,aci_global_vs_static_global,aci_global,static_global,0.012302722858133941,15.243715217395646,-6.304208929029187,-0.0018196402106390938,-0.02160493827160491,-0.011712289241121998,0.06912114826746318,-0.010922951684989204
UCI Electricity,persistence,2014-08,7,O,aci_global_vs_static_global,aci_global,static_global,-0.0007863494465991661,-1.3764607308938537,-0.2944039304766193,0.00025975152145810143,9.956192751889997e-05,0.00017965672448849723,-0.005916835671089063,-0.0004955760145125027
UCI Electricity,persistence,2014-09,8,O,aci_global_vs_static_global,aci_global,static_global,-0.006847710980775523,-9.24478278077865,1.149162748462345,0.00031667481264260194,0.011754115226337403,0.006035395019489999,-0.038910961526483746,0.00204442500334656
UCI Electricity,persistence,2014-10,9,O,aci_global_vs_static_global,aci_global,static_global,-0.006112438116860686,-5.052452987098604,1.021535613763433,-0.0014834216252010007,0.018929211469534094,0.008722894922166546,-0.022279771899348346,0.0020067279853799498
UCI Electricity,persistence,2014-11,10,O,aci_global_vs_static_global,aci_global,static_global,-0.005732730531117669,-0.03913222384809956,-0.013553960414071753,-0.0004928315412187009,0.024356995884773705,0.011932082171777506,-0.00017744126770369894,-3.4131608049042834e-05
UCI Electricity,persistence,2014-12,11,O,aci_global_vs_static_global,aci_global,static_global,0.0028428798915270947,3.6812953064716964,0.04110107503288418,-0.0002713792451044944,-0.005289227399442403,-0.0027803033222734558,0.016692476522599094,0.00010974655577551153
London,lgbm,2013-03,0,O,aci_segment_vs_static_segment,aci_segment,static_segment,0.0041546609514308,0.001217714682956006,-5.877574273260855e-05,-0.0006709510229779975,-0.0130077833457725,-0.006839367184375247,0.0031867260267965792,-8.948029662516814e-05
London,lgbm,2013-04,1,O,aci_segment_vs_static_segment,aci_segment,static_segment,0.00235157098005756,0.00041572551496921184,-3.826690616270945e-06,-0.00021906497469289382,-0.0042901428957034,-0.002254603935198149,0.0012690798066118953,-6.881818224468915e-06
London,lgbm,2013-05,2,O,aci_segment_vs_static_segment,aci_segment,static_segment,0.004305760063470276,0.0006449441804514122,-2.5903852570896557e-05,-0.0008486747390744967,-0.0073911652943185,-0.0041199200166964975,0.002328354226697552,-5.319286542325932e-05
London,lgbm,2013-06,3,O,aci_segment_vs_static_segment,aci_segment,static_segment,0.0014683409832600969,0.0002933073528103014,-1.931204863525604e-06,-4.664690664920451e-05,-0.0025152439024392,-0.0012809454045442023,0.0011421235138709494,-4.284747658317801e-06
London,lgbm,2013-07,4,O,aci_segment_vs_static_segment,aci_segment,static_segment,-0.013087181528662506,-0.0024114194676921052,-0.0001374533633384245,-0.0012050832342730966,-0.0160505066497784,-0.008627794942025747,-0.010210438526770579,-0.0003438764570356483
London,lgbm,2013-08,5,O,aci_segment_vs_static_segment,aci_segment,static_segment,-0.002044739601537948,-0.0002720031072389051,-4.696196417630638e-06,0.00013672888018979867,-0.0040925125067863,-0.0019778918132982506,-0.0011749703411054943,-1.1879684099754906e-05
London,lgbm,2013-09,6,O,aci_segment_vs_static_segment,aci_segment,static_segment,0.012365048241475662,0.002054480259331082,-9.254329947061546e-05,-0.0014449723016349003,-0.013884803921568701,-0.007664888111601802,0.00788573894502446,-0.00020090371708665554
London,lgbm,2013-10,7,O,aci_segment_vs_static_segment,aci_segment,static_segment,0.00504342538582403,0.0009398994109832137,-1.7241654523880712e-05,-0.0007337913136905988,-0.0085265152863999,-0.0046301533000452505,0.003235856430937059,-3.408286010419221e-05
London,lgbm,2013-11,8,O,aci_segment_vs_static_segment,aci_segment,static_segment,0.005686053108765132,0.001897194237703792,-6.216947256365568e-05,-0.0006397008731413023,-0.019387953889025297,-0.010013827381083303,0.005419632310816276,-0.00010152983499442378
London,lgbm,2013-12,9,O,aci_segment_vs_static_segment,aci_segment,static_segment,-0.00041433937084989214,-0.00028600140242968086,-1.5418226829821968e-05,-0.00031206564759719835,-0.0056077524718383,-0.0029599090597177483,-0.0007754513660818455,-2.4790623506066986e-05
London,lgbm,2014-01,10,O,aci_segment_vs_static_segment,aci_segment,static_segment,-0.00364152631897674,-0.0009117000632338779,-6.274367371994494e-06,-3.0428795240095008e-05,-0.0033906694716001,-0.0017105491334200966,-0.0024810453567181874,-1.007563276239488e-05
Ausgrid,lgbm,2012-07,0,O,aci_segment_vs_static_segment,aci_segment,static_segment,0.007329539324630541,0.0023605708555065608,-7.663107017519266e-05,-0.0006342827345631949,-0.0113407258064516,-0.005987504270507399,0.003961360337416855,-7.763955133792724e-05
Ausgrid,lgbm,2012-08,1,O,aci_segment_vs_static_segment,aci_segment,static_segment,-0.0051852950695868705,-0.0014327898800932104,-0.00011530534035208984,-0.00018565469126479578,-0.006111893553531901,-0.0031487741223983484,-0.002558110514905204,-0.00012846728201816642
Ausgrid,lgbm,2012-09,2,O,aci_segment_vs_static_segment,aci_segment,static_segment,-0.011921683389074733,-0.0034064904380798344,-0.00022183726803370885,-0.0023992010405054012,-0.0205176767676768,-0.011458438904091095,-0.008147693848096894,-0.00034469098122895023
Ausgrid,lgbm,2012-10,3,O,aci_segment_vs_static_segment,aci_segment,static_segment,0.0033602150537633824,0.0011353465728854983,-3.221642414108494e-05,-0.00011642751825079872,-0.0048083669669762,-0.0024623972426135003,0.0030278660202199418,-5.3387023749578254e-05
Ausgrid,lgbm,2012-11,4,O,aci_segment_vs_static_segment,aci_segment,static_segment,0.00645903010033444,0.001888211702008813,-4.2749149193666014e-05,-0.000810572277963599,-0.0079878195615953,-0.004399195919779449,0.005155703900553748,-7.034434836810287e-05
Ausgrid,lgbm,2012-12,5,O,aci_segment_vs_static_segment,aci_segment,static_segment,0.00013710576473546787,0.00021926934635096984,-5.087600710496076e-06,-0.0001622792821951019,-0.0027523216031281,-0.0014573004426616,0.0005467567587082005,-7.710485340601414e-06
Ausgrid,lgbm,2013-01,6,O,aci_segment_vs_static_segment,aci_segment,static_segment,0.006050634732261639,0.002131629832999804,-2.476804442896885e-05,-0.0005133599453375007,-0.0076557476998116,-0.004084553822574548,0.004764615045969889,-3.185567315760493e-05
Ausgrid,lgbm,2013-02,7,O,aci_segment_vs_static_segment,aci_segment,static_segment,-0.005748327759197314,-0.0018203178295538858,-5.969716146014825e-05,-0.0002956282847587019,-0.0088110902255638,-0.004553359255161253,-0.0047304755770976115,-9.473671455719774e-05
Ausgrid,lgbm,2013-03,8,O,aci_segment_vs_static_segment,aci_segment,static_segment,-0.0060416441903118345,-0.0020808250566792252,-7.748452446298959e-05,7.462149818390079e-05,-0.008043731293648099,-0.003984554897732102,-0.00544920554895211,-0.00012412546379069324
Ausgrid,lgbm,2013-04,9,O,aci_segment_vs_static_segment,aci_segment,static_segment,0.005121237458193928,0.0013978477328498995,-4.0022211827417387e-05,-0.0003367707172054965,-0.0080409356725146,-0.004188853194860051,0.003750532407598587,-6.694717873361045e-05
Ausgrid,lgbm,2013-05,10,O,aci_segment_vs_static_segment,aci_segment,static_segment,0.010103121516164992,0.0031076627649443966,-0.00011324701491710609,-0.0014425324558564045,-0.0110141519535225,-0.006228342204689451,0.0069932047138717085,-0.00015426619893249094
Ausgrid,lgbm,2013-06,11,O,aci_segment_vs_static_segment,aci_segment,static_segment,0.009805834262356039,0.003469172872580084,-0.0001322063992643674,-0.002071720549981497,-0.012957702020202,-0.007514711285091749,0.006142147004894652,-0.00013938717082710353
UCI Electricity,lgbm,2014-01,0,O,aci_segment_vs_static_segment,aci_segment,static_segment,-0.005761496351085249,-1.2702806712714505,-0.5422171193533813,-0.0009936336402710036,-0.0033319608072092,-0.0021627972237401004,-0.0035908532349852476,-0.0013004547286009176
UCI Electricity,lgbm,2014-02,1,O,aci_segment_vs_static_segment,aci_segment,static_segment,-0.008092923854185363,-3.1107028542328408,-1.472243501234857,-0.0012619585596845978,-0.009922346850733399,-0.005592152705208998,-0.008965283966020596,-0.0036484102584285684
UCI Electricity,lgbm,2014-03,2,O,aci_segment_vs_static_segment,aci_segment,static_segment,0.00579307160082565,0.101096456882658,-0.07965210257225408,-0.0010117894088719007,-0.0095902702237627,-0.005301029816317301,0.0002978944256234945,-0.00019542684653659775
UCI Electricity,lgbm,2014-04,3,O,aci_segment_vs_static_segment,aci_segment,static_segment,0.006469762907916232,1.217474181413536,0.054063192398928095,-0.00015682419783089735,-0.007911835664422,-0.0040343299311264465,0.0033772718167568425,0.00011194982030828376
UCI Electricity,lgbm,2014-05,4,O,aci_segment_vs_static_segment,aci_segment,static_segment,0.005849315014425871,0.4768207465294836,0.03663897438991626,-0.0009358114641838042,-0.0088148953909753,-0.0048753534275795506,0.001033823181594598,6.936494036684588e-05
UCI Electricity,lgbm,2014-06,5,O,aci_segment_vs_static_segment,aci_segment,static_segment,-0.002987613131630318,-1.7353553284306145,-0.5452789220731802,0.0005436844101657026,-0.011603049502910301,-0.005529682546372299,-0.0034595107393449206,-0.0008901210507717142
UCI Electricity,lgbm,2014-07,6,O,aci_segment_vs_static_segment,aci_segment,static_segment,-0.001726771470183075,-2.124056758624988,-0.7100253831318923,-0.0003528534158499935,-0.005070062624783701,-0.002711458020316849,-0.0037824014040010357,-0.0010545021945642917
UCI Electricity,lgbm,2014-08,7,O,aci_segment_vs_static_segment,aci_segment,static_segment,-0.00420444184825719,-1.5931437754023818,-0.13585664007746345,0.00035581359551319774,-0.0089103235132844,-0.0042772549588856006,-0.002813767031118078,-0.00019151378315339598
UCI Electricity,lgbm,2014-09,8,O,aci_segment_vs_static_segment,aci_segment,static_segment,-0.004843400128069719,0.36212509710719587,0.09885502053293749,-0.001077172188482703,-0.0076955563599876,-0.004386364274235152,0.000668381479933777,0.0001523444610020061
UCI Electricity,lgbm,2014-10,9,O,aci_segment_vs_static_segment,aci_segment,static_segment,0.008606229007392496,5.917260844231805,-0.7619847781573981,-0.0029361035352439002,-0.020507189912871,-0.011721646724057448,0.013833025627449643,-0.0012444418105295835
UCI Electricity,lgbm,2014-11,10,O,aci_segment_vs_static_segment,aci_segment,static_segment,-0.008131813899232787,-1.7124152834188635,-0.30963222504362875,-0.0009191243948298011,-0.0103969307391107,-0.0056580275669702515,-0.004868100534659544,-0.0006904138931916124
UCI Electricity,lgbm,2014-12,11,O,aci_segment_vs_static_segment,aci_segment,static_segment,0.008313171220738713,3.5956852525714,0.8891213625966543,-0.0018157742053891979,-0.0110257136785436,-0.006420743941966397,0.010429438959353584,0.0021027981995625955
London,persistence,2013-03,0,O,aci_segment_vs_static_segment,aci_segment,static_segment,-0.005321651419062268,-0.009281109286734979,-4.9114286693852094e-05,4.4055484936800227e-05,-0.006933902593295399,-0.0034449235541792987,-0.021405355122493197,-4.7272627991594576e-05
London,persistence,2013-04,1,O,aci_segment_vs_static_segment,aci_segment,static_segment,-0.01951830761686324,-0.047952539280556206,-0.006139871531290808,-0.005181640506245103,-0.028000575934411298,-0.0165911082203282,-0.11289304560363916,-0.006630120918152069
London,persistence,2013-05,2,O,aci_segment_vs_static_segment,aci_segment,static_segment,-0.027529730899568894,-0.058931507839973085,-0.008254933659637254,-0.007187998954301195,-0.0459775767112509,-0.026582787832776043,-0.15131082429673237,-0.01004915461918221
London,persistence,2013-06,3,O,aci_segment_vs_static_segment,aci_segment,static_segment,-0.014433215985595993,-0.0233733240137865,-0.002552791811915256,0.00036544151633329663,-0.033570460704607,-0.016602509594136852,-0.06978809376366882,-0.00336887033074544
London,persistence,2013-07,4,O,aci_segment_vs_static_segment,aci_segment,static_segment,-0.02456474308045342,-0.027081115956052504,-0.0033873341458853234,0.0013600893449117954,-0.0364050616312614,-0.017522486143174802,-0.08594478596193336,-0.005085972047313279
London,persistence,2013-08,5,O,aci_segment_vs_static_segment,aci_segment,static_segment,-0.009156283183461733,-0.01029215176883247,-0.000936568149490391,0.0009814808279866999,-0.010244865795307501,-0.004631692483660396,-0.03473377709097276,-0.0014186624460552604
London,persistence,2013-09,6,O,aci_segment_vs_static_segment,aci_segment,static_segment,0.02291448463245982,0.02354253264149969,-0.0017518212403571098,-0.010767458750703701,-0.029919164873154998,-0.020343311811929346,0.08249876365410516,-0.002290255433758473
London,persistence,2013-10,7,O,aci_segment_vs_static_segment,aci_segment,static_segment,0.024935835297375974,0.027292292807578833,-0.0022581512493982103,-0.011228777452472798,-0.028987690361199303,-0.020108233906836054,0.09039332749171498,-0.002700177921169033
London,persistence,2013-11,8,O,aci_segment_vs_static_segment,aci_segment,static_segment,0.028860955048374826,0.05811253519935766,-0.008673488677789165,-0.012775142941720101,-0.0624857082362906,-0.037630425589005354,0.17745946363283038,-0.008845167425362217
London,persistence,2013-12,9,O,aci_segment_vs_static_segment,aci_segment,static_segment,0.009810010862667862,0.024464703139643384,-0.0013970371273783755,-0.002264582997409205,-0.0181465379098886,-0.010205560453648899,0.06678145499432836,-0.0014100357684348782
London,persistence,2014-01,10,O,aci_segment_vs_static_segment,aci_segment,static_segment,0.001012417917511499,0.006627037694347693,-5.772561198602588e-05,-0.00038020140760610527,-0.007331149586648,-0.0038556754971270507,0.016681835956776372,-5.7179761954414795e-05
Ausgrid,persistence,2012-07,0,O,aci_segment_vs_static_segment,aci_segment,static_segment,0.013542003811989778,0.04860395426104547,-0.0023509539395063506,-0.0028486532168160023,-0.0180758785057089,-0.010462265861262449,0.07786161993783244,-0.001512569003665955
Ausgrid,persistence,2012-08,1,O,aci_segment_vs_static_segment,aci_segment,static_segment,-0.01464109756536125,-0.04595114075298812,-0.0075945469998557336,-0.0024723990362139,-0.0183513563049853,-0.0104118776705996,-0.06682190737016584,-0.005326223005601694
Ausgrid,persistence,2012-09,2,O,aci_segment_vs_static_segment,aci_segment,static_segment,-0.05204384986993682,-0.1542902263580324,-0.037936026636042675,-0.027225009290226705,-0.06734817570030201,-0.04728659249526436,-0.2404850450873631,-0.03621789980449351
Ausgrid,persistence,2012-10,3,O,aci_segment_vs_static_segment,aci_segment,static_segment,-0.03190293810910916,-0.0721467553570519,-0.009786581563748453,-0.012013162153414594,-0.038583582751357995,-0.025298372452386295,-0.1399785467624329,-0.010471343302784365
Ausgrid,persistence,2012-11,4,O,aci_segment_vs_static_segment,aci_segment,static_segment,-0.009510869565217406,-0.01701991941723341,-0.0004638527243833179,0.000647993311036904,-0.0115033225294179,-0.005427664609190495,-0.03907101185439394,-0.0005036832324847757
Ausgrid,persistence,2012-12,5,O,aci_segment_vs_static_segment,aci_segment,static_segment,-0.009111914266191956,-0.011174440334908886,-0.0006843803157214889,0.0010806631423741983,-0.0141187983399358,-0.006519067598780803,-0.026306261390686727,-0.0007259393270065563
Ausgrid,persistence,2013-01,6,O,aci_segment_vs_static_segment,aci_segment,static_segment,0.003259071456827356,0.00798549171801538,-0.0002045758161137723,-0.0005277448124572995,-0.0061250235804565,-0.003326384196456901,0.019295124882868296,-0.00019654168762993005
Ausgrid,persistence,2013-02,7,O,aci_segment_vs_static_segment,aci_segment,static_segment,-0.0025879917184264967,-0.005767595786875912,-7.246463751209298e-05,0.00020604395604400388,-0.006297275082034801,-0.0030456155629953983,-0.01382083884520324,-7.689357474757777e-05
Ausgrid,persistence,2013-03,8,O,aci_segment_vs_static_segment,aci_segment,static_segment,-0.002025119574208034,-0.0032004648539830094,2.9733964376221778e-06,0.00021262631711439772,-0.0046209923942309005,-0.0022041830385582523,-0.007651731674961487,3.1665795176607204e-06
Ausgrid,persistence,2013-04,9,O,aci_segment_vs_static_segment,aci_segment,static_segment,0.01061872909698991,0.015566166264728398,-0.0008088733557120031,-0.002680230397621698,-0.0169902146464645,-0.009835222522043094,0.037786691030479,-0.0008729077406387842
Ausgrid,persistence,2013-05,10,O,aci_segment_vs_static_segment,aci_segment,static_segment,0.03365159851835875,0.07325637244413641,-0.010936117968263437,-0.0165192217786888,-0.0423081622678398,-0.029413692023264302,0.17365453762362873,-0.009337586465511494
Ausgrid,persistence,2013-06,11,O,aci_segment_vs_static_segment,aci_segment,static_segment,0.04722454477889271,0.13909343104295774,-0.02710637053745324,-0.02521135265700479,-0.056668244949495,-0.040939798803249904,0.2948949455682573,-0.018078402107916287
UCI Electricity,persistence,2014-01,0,O,aci_segment_vs_static_segment,aci_segment,static_segment,-0.002092990256361671,-1.7445853475107924,-0.08636658806256037,0.0007532399962160985,-0.0079457578435703,-0.0035962589236771016,-0.008198974003812467,-0.0002268882459014649
UCI Electricity,persistence,2014-02,1,O,aci_segment_vs_static_segment,aci_segment,static_segment,0.0015721006144392424,0.8972509022123631,-0.5049338830532406,0.0001320084485406936,-0.0013778659611992003,-0.0006229287563292545,0.0042008609482612255,-0.0013828936538068481
UCI Electricity,persistence,2014-03,2,O,aci_segment_vs_static_segment,aci_segment,static_segment,-0.011475971998864853,-9.725186343794888,0.16485534496518994,0.0006684955696402012,-0.013482912029176999,-0.0064072082297684,-0.04520463338416694,0.00044494548085697645
UCI Electricity,persistence,2014-04,3,O,aci_segment_vs_static_segment,aci_segment,static_segment,-0.00909090909090915,0.7546466780383696,-0.6970005258985452,-0.0012707722385141978,-0.0124619482496195,-0.006866360244066852,0.003634489120047047,-0.001705264292345602
UCI Electricity,persistence,2014-05,4,O,aci_segment_vs_static_segment,aci_segment,static_segment,0.0014485384542616275,12.788715489553653,-4.733768757196174,-0.0009093274051650974,-0.0162917374080363,-0.008600532406600699,0.06206162839577146,-0.010380441452366242
UCI Electricity,persistence,2014-06,5,O,aci_segment_vs_static_segment,aci_segment,static_segment,0.007440330726620981,16.599845570323282,-3.814756423427866,-0.0011496008471814992,-0.0200877192982457,-0.010618660072713601,0.07695902084438558,-0.007468424224343448
UCI Electricity,persistence,2014-07,6,O,aci_segment_vs_static_segment,aci_segment,static_segment,0.01420947245609061,19.259542541772333,-6.831273502876229,-0.002860814177151297,-0.0182154181299471,-0.010538116153549194,0.08482269330843537,-0.011919120066313519
UCI Electricity,persistence,2014-08,7,O,aci_segment_vs_static_segment,aci_segment,static_segment,-0.002893135307287187,4.130603074100179,-1.446145713086139,-0.0003539557910004973,-0.011549183592194399,-0.00595156969159745,0.016960452922679625,-0.0024565164076363745
UCI Electricity,persistence,2014-09,8,O,aci_segment_vs_static_segment,aci_segment,static_segment,-0.008111355490387773,-11.606723569180105,0.9790080102527554,-0.0023989898989899006,-0.0117909356725147,-0.0070949627857523,-0.046276666579217224,0.0017529317530886545
UCI Electricity,persistence,2014-10,9,O,aci_segment_vs_static_segment,aci_segment,static_segment,-0.01161294264181889,-16.86289078484458,2.955895838766253,-0.002540164916595797,-0.018364459535936697,-0.010452312226266247,-0.06970714455799705,0.005851119998845653
UCI Electricity,persistence,2014-11,10,O,aci_segment_vs_static_segment,aci_segment,static_segment,-0.013809465623981776,-18.264562567158237,0.1167211342968244,0.0008268165526231011,-0.0225950292397661,-0.010884106343571502,-0.08062261317883604,0.00029470313090505817
UCI Electricity,persistence,2014-12,11,O,aci_segment_vs_static_segment,aci_segment,static_segment,0.00019412386087724887,0.7601924030347504,-0.4289176786903681,-0.0004042112067605963,-0.010827871065940001,-0.005616041136350298,0.0035797609592199122,-0.0011515379725188693
London,lgbm,2013-03,0,O,aci_user_vs_static_user,aci_user,static_user,0.005874341002200967,0.0031528554882070403,-0.00221136124429433,-0.0211892202476148,-0.0139768388904487,-0.01758302956903175,0.00827658082200025,-0.0033711761495100003
London,lgbm,2013-04,1,O,aci_user_vs_static_user,aci_user,static_user,0.005795538408297718,0.000457113721388569,-0.002831389115164895,-0.026579434423831004,-0.0041555636689635,-0.015367499046397254,0.0013967425023631518,-0.005089108741068288
London,lgbm,2013-05,2,O,aci_user_vs_static_user,aci_user,static_user,0.01179848182288834,0.0007863784198055002,-0.0026436534993070637,-0.0345792387575455,-0.0135849911053613,-0.0240821149314534,0.0028323792876083537,-0.005415766465339398
London,lgbm,2013-06,3,O,aci_user_vs_static_user,aci_user,static_user,0.003341310021566235,0.00019910764635561184,-0.000701268458769222,-0.0231202657281105,-0.0079726588021377,-0.015546462265124102,0.0007731089458352156,-0.001559415818875026
London,lgbm,2013-07,4,O,aci_user_vs_static_user,aci_user,static_user,-0.010114961697366143,-0.003802494620680885,-0.0014817144428895257,-0.031115652633808402,-0.0138259974667512,-0.0224708250502798,-0.01606848659322121,-0.0037156766574162644
London,lgbm,2013-08,5,O,aci_user_vs_static_user,aci_user,static_user,0.0001344338988519267,-0.0007151413488782066,-0.0008005641967759325,-0.0247238040935889,-0.0030690011113264997,-0.0138964026024577,-0.003095541273274675,-0.002031887061250603
London,lgbm,2013-09,6,O,aci_user_vs_static_user,aci_user,static_user,0.01716070810676351,0.003974949931763727,-0.0011381595245122944,-0.0297546756844403,-0.017478497544617,-0.023616586614528652,0.015333910092963922,-0.002476056600720427
London,lgbm,2013-10,7,O,aci_user_vs_static_user,aci_user,static_user,0.008798080027551225,0.0017448698450083788,-0.000895108270554168,-0.0232392671958381,-0.0119554546487632,-0.01759736092230065,0.0060069977625465286,-0.0017733332436496011
London,lgbm,2013-11,8,O,aci_user_vs_static_user,aci_user,static_user,0.011388793093858096,0.003714411488893954,-0.0016267088239981797,-0.0265557778400656,-0.0228685139696573,-0.024712145904861448,0.01058695371152656,-0.0026619261138350787
London,lgbm,2013-12,9,O,aci_user_vs_static_user,aci_user,static_user,0.00430886040529932,0.0014500302889293715,-0.0023738571315493617,-0.0251013978492291,-0.0041597070286722,-0.014630552438950652,0.003924114716891245,-0.0038256775452149123
London,lgbm,2014-01,10,O,aci_user_vs_static_user,aci_user,static_user,0.002038770278362745,-0.0012076078672690338,-0.002252114924851889,-0.0247365897563408,-0.00038136600632369955,-0.01255897788133225,-0.0032679524147168743,-0.0036266661303850822
Ausgrid,lgbm,2012-07,0,O,aci_user_vs_static_user,aci_user,static_user,0.007819523860898348,0.0030004811867150316,-0.0013329552307458359,-0.0221189808321646,-0.0114323680351905,-0.01677567443367755,0.005028198211476702,-0.0013523521881805376
Ausgrid,lgbm,2012-08,1,O,aci_user_vs_static_user,aci_user,static_user,-0.005043694033876389,-0.002402473932243576,-0.0016428822976392032,-0.020209839249109997,-0.008224890029325601,-0.014217364639217802,-0.004279579178913097,-0.0018322446150989841
Ausgrid,lgbm,2012-09,2,O,aci_user_vs_static_user,aci_user,static_user,-0.01061872909698991,-0.004250422091037875,-0.002081259496937493,-0.029138795986621998,-0.022348484848484798,-0.025743640417553396,-0.010151833049589764,-0.0032340967889842045
Ausgrid,lgbm,2012-10,3,O,aci_user_vs_static_user,aci_user,static_user,0.006133797245297945,0.001565185169477068,-0.0010857328981906944,-0.0221639335419139,-0.0047028681813144,-0.013433400861614148,0.004177702405374826,-0.0018014876693600776
Ausgrid,lgbm,2012-11,4,O,aci_user_vs_static_user,aci_user,static_user,0.007169732441471566,0.001032366452857425,-0.0008645843325953972,-0.0201714046822742,-0.0088598429470141,-0.01451562381464415,0.0028201638051844847,-0.0014252181501508757
Ausgrid,lgbm,2012-12,5,O,aci_user_vs_static_user,aci_user,static_user,0.0007439673463516261,-0.0004442776811984239,-0.0011018074056498017,-0.0206813931743806,-0.0043634612671444,-0.012522427220762501,-0.0011101550425868833,-0.0016724706041668638
Ausgrid,lgbm,2013-01,6,O,aci_user_vs_static_user,aci_user,static_user,0.006590067249253817,0.0016494651946741268,-0.0011547595463137217,-0.0232765131082101,-0.0094980255621874,-0.01638726933519875,0.003697930073014451,-0.0014881597895354155
Ausgrid,lgbm,2013-02,7,O,aci_user_vs_static_user,aci_user,static_user,0.000890866379996802,-0.0011971061615442813,-0.0008355428481007232,-0.024429646440516,-0.0021623364756590004,-0.013295991458087502,-0.003128017221224566,-0.00132957941797899
Ausgrid,lgbm,2013-03,8,O,aci_user_vs_static_user,aci_user,static_user,-0.003620940770309611,-0.0014613818694160785,-0.0007782411739918338,-0.0201608407954831,-0.0067342866644496,-0.01344756372996635,-0.003848598886252718,-0.001250111328975354
Ausgrid,lgbm,2013-04,9,O,aci_user_vs_static_user,aci_user,static_user,0.008972036417688622,0.0024379975375212193,-0.0014311197690652921,-0.0241197510219249,-0.0126809901328349,-0.0184003705773799,0.0065733899920564,-0.0023969127822851266
Ausgrid,lgbm,2013-05,10,O,aci_user_vs_static_user,aci_user,static_user,0.015468227424749181,0.004259391403303503,-0.0012269655943361046,-0.0261148272017837,-0.0151996194485594,-0.020657223325171552,0.009613220560206867,-0.0016744628999939884
Ausgrid,lgbm,2013-06,11,O,aci_user_vs_static_user,aci_user,static_user,0.013440635451504979,0.005523117222486329,-0.0013465069059750423,-0.0243938127090301,-0.014391417395605599,-0.019392615052317846,0.009788569092793485,-0.001422287043831995
UCI Electricity,lgbm,2014-01,0,O,aci_user_vs_static_user,aci_user,static_user,-0.005423049142929237,-14.074124820550423,-6.352863582450539,-0.0217289027995406,-0.005844673745077602,-0.0137867882723091,-0.04231914547656343,-0.01562364853219783
UCI Electricity,lgbm,2014-02,1,O,aci_user_vs_static_user,aci_user,static_user,-0.007245062518847378,-3.3066981460615352,-2.0891878464948945,-0.0206063082631517,-0.004374344538279,-0.012490326400715348,-0.010591519755356259,-0.005432883435558893
UCI Electricity,lgbm,2014-03,2,O,aci_user_vs_static_user,aci_user,static_user,0.0074103164234714525,10.252799053991339,-3.038309898093246,-0.026225218362586403,-0.0064382742225255,-0.01633174629255595,0.03377149318422946,-0.0076350469859738585
UCI Electricity,lgbm,2014-04,3,O,aci_user_vs_static_user,aci_user,static_user,0.007991100379722615,22.49769854252571,-25.97466957606406,-0.027686098727868196,-4.173873036650115e-05,-0.01386391872911735,0.06782504133582548,-0.05226633108327496
UCI Electricity,lgbm,2014-05,4,O,aci_user_vs_static_user,aci_user,static_user,0.0059213460528964035,-22.751895260515084,-9.113352240872132,-0.0237033426348757,-0.0002654916204208012,-0.011984417127648252,-0.050763404444299186,-0.017593160460786746
UCI Electricity,lgbm,2014-06,5,O,aci_user_vs_static_user,aci_user,static_user,-0.0007973766105580093,-8.539551016389964,-5.49744744685313,-0.0212114414366646,0.0016483799515787986,-0.009781530742542902,-0.017869784095096625,-0.009146536628415098
UCI Electricity,lgbm,2014-07,6,O,aci_user_vs_static_user,aci_user,static_user,-0.0009077884300391359,-4.639375166157265,-4.220105010638008,-0.0229224472397312,0.0010266056947363005,-0.010947920772497448,-0.008861217467431657,-0.006374978749985312
UCI Electricity,lgbm,2014-08,7,O,aci_user_vs_static_user,aci_user,static_user,-0.003944932764452624,14.421287705855093,-9.917268877026913,-0.0210456933332807,-0.0057823637904391,-0.013414028561859897,0.027390905772804317,-0.014051935422055432
UCI Electricity,lgbm,2014-09,8,O,aci_user_vs_static_user,aci_user,static_user,-0.0036259222853507467,-7.746258909623805,-6.660116277210477,-0.023189180150012898,-0.0060655231030753,-0.014627351626544098,-0.015295327012334586,-0.01046898963456675
UCI Electricity,lgbm,2014-10,9,O,aci_user_vs_static_user,aci_user,static_user,0.009470601469038442,53.77774529843657,-37.28491341329607,-0.028738608241929503,-0.0201341172581522,-0.024436362750040852,0.13804757819293476,-0.05984831093028235
UCI Electricity,lgbm,2014-11,10,O,aci_user_vs_static_user,aci_user,static_user,-0.004675155702568268,12.186292800987871,-12.0599485372515,-0.0296136700125215,0.0006310204502137998,-0.014491324781153852,0.036954377741969156,-0.02670414035702286
UCI Electricity,lgbm,2014-12,11,O,aci_user_vs_static_user,aci_user,static_user,0.00936403500116434,-3.8351625094807673,-13.893793063388614,-0.031775752576343005,-0.0005606584128934992,-0.01616820549461825,-0.011464295793610413,-0.03284845182840552
London,persistence,2013-03,0,O,aci_user_vs_static_user,aci_user,static_user,-0.0036172174712545413,-0.0036643189148098387,-0.010031432814648467,-0.021650335190970902,-0.0035261117219539005,-0.012588223456462402,-0.008210975417926411,-0.0097702961936969
London,persistence,2013-04,1,O,aci_user_vs_static_user,aci_user,static_user,-0.014722777517688135,-0.04992117811006702,-0.0206858337317658,-0.028599761484035195,-0.017591408413724197,-0.0230955849488797,-0.11376337782855174,-0.022363230752849402
London,persistence,2013-05,2,O,aci_user_vs_static_user,aci_user,static_user,-0.022186435961786377,-0.0670861145494312,-0.025578649612106763,-0.0347692821429172,-0.0361509965906111,-0.03546013936676415,-0.1668369612073626,-0.030998952074670086
London,persistence,2013-06,3,O,aci_user_vs_static_user,aci_user,static_user,-0.01124065362782345,-0.03268921557989091,-0.016690612671185545,-0.029588651436446203,-0.031419376693767,-0.030504014065106597,-0.09741263570326443,-0.022139252291448537
London,persistence,2013-07,4,O,aci_user_vs_static_user,aci_user,static_user,-0.018862141419681677,-0.03866332144535872,-0.017402554997544728,-0.036030499389211296,-0.031053304484657703,-0.0335419019369345,-0.12765580365659,-0.026541316177445106
London,persistence,2013-08,5,O,aci_user_vs_static_user,aci_user,static_user,-0.003945051547777467,-0.012968622680052666,-0.01419560039450607,-0.0262301966595678,-0.0058591433473815,-0.01604467000347465,-0.04823259749404998,-0.02195669749250306
London,persistence,2013-09,6,O,aci_user_vs_static_user,aci_user,static_user,0.031472689034774626,0.04809370163790491,-0.019061620745791208,-0.044543685902955696,-0.0413665712010033,-0.0429551285519795,0.19359598492461044,-0.025020579314787288
London,persistence,2013-10,7,O,aci_user_vs_static_user,aci_user,static_user,0.031687750154949845,0.054373523353266395,-0.016546536481353846,-0.03974010296912,-0.034825585207527494,-0.03728284408832375,0.19694779675178836,-0.019892815407888984
London,persistence,2013-11,8,O,aci_user_vs_static_user,aci_user,static_user,0.03479874853430687,0.07597173739042823,-0.02588938195425816,-0.043554116258637504,-0.0725894558543298,-0.05807178605648365,0.23493287523487022,-0.026502089496054676
London,persistence,2013-12,9,O,aci_user_vs_static_user,aci_user,static_user,0.014306994052420419,0.036072378293589835,-0.020255766033786204,-0.026842052900538302,-0.013338906921084599,-0.02009047991081145,0.09595080602749409,-0.020651044390941828
London,persistence,2014-01,10,O,aci_user_vs_static_user,aci_user,static_user,0.0018406376216111298,0.010924197483143883,-0.01122965528786457,-0.0230137271593746,-0.0041290679739221,-0.01357139756664835,0.026418656987180288,-0.011319866994706336
Ausgrid,persistence,2012-07,0,O,aci_user_vs_static_user,aci_user,static_user,0.01875651814291357,0.06250797764869798,-0.026937942815786764,-0.032170406732117796,-0.0227801795809778,-0.0274752931565478,0.09754728967920134,-0.01754726021302011
Ausgrid,persistence,2012-08,1,O,aci_user_vs_static_user,aci_user,static_user,-0.007943143812708997,-0.04633493683849288,-0.03242965095397432,-0.0319110295968642,-0.0100042766373411,-0.020957653117102647,-0.06487803391143199,-0.022862976872103227
Ausgrid,persistence,2012-09,2,O,aci_user_vs_static_user,aci_user,static_user,-0.04242614269788181,-0.167452737804072,-0.07225213520015328,-0.05746701969528059,-0.052462772050400897,-0.054964895872840744,-0.2541900234229981,-0.06812415693292101
Ausgrid,persistence,2012-10,3,O,aci_user_vs_static_user,aci_user,static_user,-0.024247491638795915,-0.07517990089803644,-0.02892259903655059,-0.0430359262056317,-0.032119498946901706,-0.0375777125762667,-0.14537315969203868,-0.030804276313271015
Ausgrid,persistence,2012-11,4,O,aci_user_vs_static_user,aci_user,static_user,-0.0024201040505388294,-0.01494943372328339,-0.014487389121913163,-0.0294593088071349,-0.0027899610136453003,-0.016124634910390102,-0.03495147068266241,-0.015757794451730325
Ausgrid,persistence,2012-12,5,O,aci_user_vs_static_user,aci_user,static_user,-0.004477289891034686,-0.006865096436132978,-0.01706314253024943,-0.027877872478152998,-0.009143322014714298,-0.018510597246433648,-0.01650191893811556,-0.018249283535585643
Ausgrid,persistence,2013-01,6,O,aci_user_vs_static_user,aci_user,static_user,0.006304617542345459,0.01630457751526687,-0.013360921978512685,-0.028740514978242898,-0.008333163165090501,-0.0185368390716667,0.04044324015936831,-0.01299880881309282
Ausgrid,persistence,2013-02,7,O,aci_user_vs_static_user,aci_user,static_user,0.002816929447364225,0.003052773125969188,-0.012363585426979462,-0.030554228380315296,-0.0044702129914758,-0.017512220685895547,0.0074596984349500715,-0.01324505298285594
Ausgrid,persistence,2013-03,8,O,aci_user_vs_static_user,aci_user,static_user,0.0007731866076887695,0.0004630443154147734,-0.012415691988484023,-0.0267441651382746,0.0007747862311172,-0.012984689453578701,0.001118864050322155,-0.01339478083881266
Ausgrid,persistence,2013-04,9,O,aci_user_vs_static_user,aci_user,static_user,0.016264864362690368,0.0181814955421416,-0.021943734474755394,-0.0372375510962467,-0.0274604598617757,-0.032349005479011206,0.044567824018549945,-0.0236447843655287
Ausgrid,persistence,2013-05,10,O,aci_user_vs_static_user,aci_user,static_user,0.038796436149171165,0.09647393622205641,-0.04129984585666091,-0.050821286007120596,-0.0473943059628543,-0.04910779598498745,0.23316708551225793,-0.03533478828923934
Ausgrid,persistence,2013-06,11,O,aci_user_vs_static_user,aci_user,static_user,0.051537532515793405,0.1728150904863225,-0.06021451694515645,-0.0596525455221107,-0.06185290404040401,-0.06075272478125736,0.36351613966166024,-0.040675428678414345
UCI Electricity,persistence,2014-01,0,O,aci_user_vs_static_user,aci_user,static_user,-0.004961490555923431,-3.6733220289712847,-2.5489242176435027,-0.0194019408444486,-0.017560234966149002,-0.0184810879052988,-0.01732595539597317,-0.006811518161155787
UCI Electricity,persistence,2014-02,1,O,aci_user_vs_static_user,aci_user,static_user,-0.0015644637620444435,-8.470810898634937,-2.9312630834769493,-0.017587452869710897,-0.014481371252204597,-0.016034412060957747,-0.040211047230794966,-0.008233623199333571
UCI Electricity,persistence,2014-03,2,O,aci_user_vs_static_user,aci_user,static_user,-0.015050018919685937,-8.983608849962621,-2.4345330612958946,-0.0243553511178381,-0.0345728793309437,-0.029464115224390904,-0.043277028576073844,-0.006684793747580619
UCI Electricity,persistence,2014-04,3,O,aci_user_vs_static_user,aci_user,static_user,-0.010810728250244428,22.62284964401104,-9.973564033239313,-0.029363188334962497,-0.0241898148148149,-0.0267765015748887,0.11358001380414538,-0.02464050162106386
UCI Electricity,persistence,2014-05,4,O,aci_user_vs_static_user,aci_user,static_user,0.0004404739381326239,22.377099664413038,-5.409672144571402,-0.0264475530539527,-0.0123830147351654,-0.01941528389455905,0.10465792201834888,-0.012240238003724199
UCI Electricity,persistence,2014-06,5,O,aci_user_vs_static_user,aci_user,static_user,0.0060911534701857395,9.068993916698844,-2.8927154529833388,-0.0227659661127403,-0.009116850768897702,-0.015941408440819003,0.03873176417023298,-0.005835333833866994
UCI Electricity,persistence,2014-07,6,O,aci_user_vs_static_user,aci_user,static_user,0.012735313593794317,27.76082443945043,-5.472577619589515,-0.0249530949452905,-0.012154546312016798,-0.01855382062865365,0.11418186392690798,-0.009840874049105096
UCI Electricity,persistence,2014-08,7,O,aci_user_vs_static_user,aci_user,static_user,-0.0024595591713176823,15.936334130043178,-2.7702801691790455,-0.0228258127581749,-0.018219832735961797,-0.020522822747068344,0.06075370526399785,-0.004829668329035728
UCI Electricity,persistence,2014-09,8,O,aci_user_vs_static_user,aci_user,static_user,-0.008206052460084656,-14.68214461499906,-3.8935133132853252,-0.0213434750733138,-0.0028420781893003996,-0.012092776631307098,-0.051999706392731423,-0.007097416216387174
UCI Electricity,persistence,2014-10,9,O,aci_user_vs_static_user,aci_user,static_user,-0.006806159934411693,-22.329887739168413,-4.597968643279614,-0.0280533613975341,-0.0026349850133098006,-0.015344173205421948,-0.08249779735564383,-0.009274012929663577
UCI Electricity,persistence,2014-11,10,O,aci_user_vs_static_user,aci_user,static_user,-0.007719330400781987,-43.222061706724986,-11.135689862173649,-0.031963791137178205,-0.0094650205761318,-0.020714405856655,-0.17320916380260795,-0.02838732926438942
UCI Electricity,persistence,2014-12,11,O,aci_user_vs_static_user,aci_user,static_user,0.00521375303503302,-15.692783750952515,-5.190342227389806,-0.0301912859079873,-0.0055754679410593005,-0.0178833769245233,-0.07154040755216018,-0.014135422166191913
London,persistence,2013-03,0,M,csgr_vs_static_best_fixed,csgr,static_best_fixed,0.0,0.0,0.0,0.0,0.0,0.0,0.0,0.0
London,persistence,2013-04,1,M,csgr_vs_static_best_fixed,csgr,static_best_fixed,0.0,0.0,0.0,0.0,0.0,0.0,0.0,0.0
London,persistence,2013-05,2,M,csgr_vs_static_best_fixed,csgr,static_best_fixed,0.0024935376376319374,-0.029556555213021918,-0.007725806501745702,0.0016996586247843004,-0.015823505473012596,-0.007061923424114151,-0.07350441874025657,-0.009362961263304315
London,persistence,2013-06,3,M,csgr_vs_static_best_fixed,csgr,static_best_fixed,0.0,0.0,0.0,0.0,0.0,0.0,0.0,0.0
London,persistence,2013-07,4,M,csgr_vs_static_best_fixed,csgr,static_best_fixed,0.0,0.0,0.0,0.0,0.0,0.0,0.0,0.0
London,persistence,2013-08,5,M,csgr_vs_static_best_fixed,csgr,static_best_fixed,0.0,0.0,0.0,0.0,0.0,0.0,0.0,0.0
London,persistence,2013-09,6,M,csgr_vs_static_best_fixed,csgr,static_best_fixed,0.0,0.0,0.0,0.0,0.0,0.0,0.0,0.0
London,persistence,2013-10,7,M,csgr_vs_static_best_fixed,csgr,static_best_fixed,0.0,0.0,0.0,0.0,0.0,0.0,0.0,0.0
London,persistence,2013-11,8,M,csgr_vs_static_best_fixed,csgr,static_best_fixed,0.0,0.0,0.0,0.0,0.0,0.0,0.0,0.0
London,persistence,2013-12,9,M,csgr_vs_static_best_fixed,csgr,static_best_fixed,0.0007273147700017635,-0.01006916126570917,0.009943198803813558,0.012775448614022897,-0.0011556998131207995,0.005809874400451047,-0.026783488784749857,0.010137233987745258
London,persistence,2014-01,10,M,csgr_vs_static_best_fixed,csgr,static_best_fixed,0.0,0.0,0.0,0.0,0.0,0.0,0.0,0.0
Ausgrid,persistence,2012-07,0,M,csgr_vs_static_best_fixed,csgr,static_best_fixed,0.0,0.0,0.0,0.0,0.0,0.0,0.0,0.0
Ausgrid,persistence,2012-08,1,M,csgr_vs_static_best_fixed,csgr,static_best_fixed,0.0,0.0,0.0,0.0,0.0,0.0,0.0,0.0
Ausgrid,persistence,2012-09,2,M,csgr_vs_static_best_fixed,csgr,static_best_fixed,0.0,0.0,0.0,0.0,0.0,0.0,0.0,0.0
Ausgrid,persistence,2012-10,3,M,csgr_vs_static_best_fixed,csgr,static_best_fixed,0.006252921926133692,-0.0027379616919942507,-0.004700248112902594,-0.0038956018268780992,0.004711229353730195,0.00040781376342604453,-0.005294315868024246,-0.0050060418646266334
Ausgrid,persistence,2012-11,4,M,csgr_vs_static_best_fixed,csgr,static_best_fixed,0.0,0.0,0.0,0.0,0.0,0.0,0.0,0.0
Ausgrid,persistence,2012-12,5,M,csgr_vs_static_best_fixed,csgr,static_best_fixed,0.0,0.0,0.0,0.0,0.0,0.0,0.0,0.0
Ausgrid,persistence,2013-01,6,M,csgr_vs_static_best_fixed,csgr,static_best_fixed,0.0,0.0,0.0,0.0,0.0,0.0,0.0,0.0
Ausgrid,persistence,2013-02,7,M,csgr_vs_static_best_fixed,csgr,static_best_fixed,0.0,0.0,0.0,0.0,0.0,0.0,0.0,0.0
Ausgrid,persistence,2013-03,8,M,csgr_vs_static_best_fixed,csgr,static_best_fixed,0.0,0.0,0.0,0.0,0.0,0.0,0.0,0.0
Ausgrid,persistence,2013-04,9,M,csgr_vs_static_best_fixed,csgr,static_best_fixed,0.0,0.0,0.0,0.0,0.0,0.0,0.0,0.0
Ausgrid,persistence,2013-05,10,M,csgr_vs_static_best_fixed,csgr,static_best_fixed,0.0,0.0,0.0,0.0,0.0,0.0,0.0,0.0
Ausgrid,persistence,2013-06,11,M,csgr_vs_static_best_fixed,csgr,static_best_fixed,0.0,0.0,0.0,0.0,0.0,0.0,0.0,0.0
UCI Electricity,persistence,2014-01,0,M,csgr_vs_static_best_fixed,csgr,static_best_fixed,-0.005990248478542015,0.7682661490529483,6.449006084464656,0.025915436887081002,-0.0302170450019913,-0.002150804057455151,0.003623680397674035,0.0172337497371132
UCI Electricity,persistence,2014-02,1,M,csgr_vs_static_best_fixed,csgr,static_best_fixed,0.0,0.0,0.0,0.0,0.0,0.0,0.0,0.0
UCI Electricity,persistence,2014-03,2,M,csgr_vs_static_best_fixed,csgr,static_best_fixed,-0.004388972976381855,7.55316414526925,6.317137221639712,0.014156260839403398,-0.0344982078853045,-0.010170973522950554,0.03638610117758564,0.01734573256497396
UCI Electricity,persistence,2014-04,3,M,csgr_vs_static_best_fixed,csgr,static_best_fixed,-0.004072987943955719,8.455024697381674,3.9715769639754512,0.0119033072662105,-0.0273785867298044,-0.007737639731796947,0.04244919791071622,0.00981210410770607
UCI Electricity,persistence,2014-05,4,M,csgr_vs_static_best_fixed,csgr,static_best_fixed,0.0,0.0,0.0,0.0,0.0,0.0,0.0,0.0
UCI Electricity,persistence,2014-06,5,M,csgr_vs_static_best_fixed,csgr,static_best_fixed,0.0,0.0,0.0,0.0,0.0,0.0,0.0,0.0
UCI Electricity,persistence,2014-07,6,M,csgr_vs_static_best_fixed,csgr,static_best_fixed,0.0,0.0,0.0,0.0,0.0,0.0,0.0,0.0
UCI Electricity,persistence,2014-08,7,M,csgr_vs_static_best_fixed,csgr,static_best_fixed,0.0,0.0,0.0,0.0,0.0,0.0,0.0,0.0
UCI Electricity,persistence,2014-09,8,M,csgr_vs_static_best_fixed,csgr,static_best_fixed,0.0,0.0,0.0,0.0,0.0,0.0,0.0,0.0
UCI Electricity,persistence,2014-10,9,M,csgr_vs_static_best_fixed,csgr,static_best_fixed,0.0,0.0,0.0,0.0,0.0,0.0,0.0,0.0
UCI Electricity,persistence,2014-11,10,M,csgr_vs_static_best_fixed,csgr,static_best_fixed,0.0,0.0,0.0,0.0,0.0,0.0,0.0,0.0
UCI Electricity,persistence,2014-12,11,M,csgr_vs_static_best_fixed,csgr,static_best_fixed,0.0,0.0,0.0,0.0,0.0,0.0,0.0,0.0
London,lgbm,2013-03,0,M,csgr_vs_static_best_fixed,csgr,static_best_fixed,-0.00026487644253458953,0.0013728569265799018,0.0008683838019618584,0.008914362394132205,-0.006995989403495599,0.0009591864953183045,0.0036038953743303534,0.001323833801170203
London,lgbm,2013-04,1,M,csgr_vs_static_best_fixed,csgr,static_best_fixed,0.0,0.0,0.0,0.0,0.0,0.0,0.0,0.0
London,lgbm,2013-05,2,M,csgr_vs_static_best_fixed,csgr,static_best_fixed,0.006813643423361659,-0.0005605737762287011,-0.0011486483860664864,0.00018152673851450085,-0.0051795074724762,-0.0024989903669808515,-0.002019075693047735,-0.0023531114842983984
London,lgbm,2013-06,3,M,csgr_vs_static_best_fixed,csgr,static_best_fixed,0.0,0.0,0.0,0.0,0.0,0.0,0.0,0.0
London,lgbm,2013-07,4,M,csgr_vs_static_best_fixed,csgr,static_best_fixed,0.0,0.0,0.0,0.0,0.0,0.0,0.0,0.0
London,lgbm,2013-08,5,M,csgr_vs_static_best_fixed,csgr,static_best_fixed,0.0,0.0,0.0,0.0,0.0,0.0,0.0,0.0
London,lgbm,2013-09,6,M,csgr_vs_static_best_fixed,csgr,static_best_fixed,0.0,0.0,0.0,0.0,0.0,0.0,0.0,0.0
London,lgbm,2013-10,7,M,csgr_vs_static_best_fixed,csgr,static_best_fixed,0.0,0.0,0.0,0.0,0.0,0.0,0.0,0.0
London,lgbm,2013-11,8,M,csgr_vs_static_best_fixed,csgr,static_best_fixed,0.0,0.0,0.0,0.0,0.0,0.0,0.0,0.0
London,lgbm,2013-12,9,M,csgr_vs_static_best_fixed,csgr,static_best_fixed,0.0,0.0,0.0,0.0,0.0,0.0,0.0,0.0
London,lgbm,2014-01,10,M,csgr_vs_static_best_fixed,csgr,static_best_fixed,0.0,0.0,0.0,0.0,0.0,0.0,0.0,0.0
Ausgrid,lgbm,2012-07,0,M,csgr_vs_static_best_fixed,csgr,static_best_fixed,0.0,0.0,0.0,0.0,0.0,0.0,0.0,0.0
Ausgrid,lgbm,2012-08,1,M,csgr_vs_static_best_fixed,csgr,static_best_fixed,0.0,0.0,0.0,0.0,0.0,0.0,0.0,0.0
Ausgrid,lgbm,2012-09,2,M,csgr_vs_static_best_fixed,csgr,static_best_fixed,0.0,0.0,0.0,0.0,0.0,0.0,0.0,0.0
Ausgrid,lgbm,2012-10,3,M,csgr_vs_static_best_fixed,csgr,static_best_fixed,0.0,0.0,0.0,0.0,0.0,0.0,0.0,0.0
Ausgrid,lgbm,2012-11,4,M,csgr_vs_static_best_fixed,csgr,static_best_fixed,0.0,0.0,0.0,0.0,0.0,0.0,0.0,0.0
Ausgrid,lgbm,2012-12,5,M,csgr_vs_static_best_fixed,csgr,static_best_fixed,0.0,0.0,0.0,0.0,0.0,0.0,0.0,0.0
Ausgrid,lgbm,2013-01,6,M,csgr_vs_static_best_fixed,csgr,static_best_fixed,0.0,0.0,0.0,0.0,0.0,0.0,0.0,0.0
Ausgrid,lgbm,2013-02,7,M,csgr_vs_static_best_fixed,csgr,static_best_fixed,0.0,0.0,0.0,0.0,0.0,0.0,0.0,0.0
Ausgrid,lgbm,2013-03,8,M,csgr_vs_static_best_fixed,csgr,static_best_fixed,0.0,0.0,0.0,0.0,0.0,0.0,0.0,0.0
Ausgrid,lgbm,2013-04,9,M,csgr_vs_static_best_fixed,csgr,static_best_fixed,0.0,0.0,0.0,0.0,0.0,0.0,0.0,0.0
Ausgrid,lgbm,2013-05,10,M,csgr_vs_static_best_fixed,csgr,static_best_fixed,0.0,0.0,0.0,0.0,0.0,0.0,0.0,0.0
Ausgrid,lgbm,2013-06,11,M,csgr_vs_static_best_fixed,csgr,static_best_fixed,0.0,0.0,0.0,0.0,0.0,0.0,0.0,0.0
UCI Electricity,lgbm,2014-01,0,M,csgr_vs_static_best_fixed,csgr,static_best_fixed,0.0,0.0,0.0,0.0,0.0,0.0,0.0,0.0
UCI Electricity,lgbm,2014-02,1,M,csgr_vs_static_best_fixed,csgr,static_best_fixed,0.0,0.0,0.0,0.0,0.0,0.0,0.0,0.0
UCI Electricity,lgbm,2014-03,2,M,csgr_vs_static_best_fixed,csgr,static_best_fixed,0.0,0.0,0.0,0.0,0.0,0.0,0.0,0.0
UCI Electricity,lgbm,2014-04,3,M,csgr_vs_static_best_fixed,csgr,static_best_fixed,0.0,0.0,0.0,0.0,0.0,0.0,0.0,0.0
UCI Electricity,lgbm,2014-05,4,M,csgr_vs_static_best_fixed,csgr,static_best_fixed,0.0,0.0,0.0,0.0,0.0,0.0,0.0,0.0
UCI Electricity,lgbm,2014-06,5,M,csgr_vs_static_best_fixed,csgr,static_best_fixed,0.0,0.0,0.0,0.0,0.0,0.0,0.0,0.0
UCI Electricity,lgbm,2014-07,6,M,csgr_vs_static_best_fixed,csgr,static_best_fixed,0.0,0.0,0.0,0.0,0.0,0.0,0.0,0.0
UCI Electricity,lgbm,2014-08,7,M,csgr_vs_static_best_fixed,csgr,static_best_fixed,0.0,0.0,0.0,0.0,0.0,0.0,0.0,0.0
UCI Electricity,lgbm,2014-09,8,M,csgr_vs_static_best_fixed,csgr,static_best_fixed,0.0,0.0,0.0,0.0,0.0,0.0,0.0,0.0
UCI Electricity,lgbm,2014-10,9,M,csgr_vs_static_best_fixed,csgr,static_best_fixed,0.0,0.0,0.0,0.0,0.0,0.0,0.0,0.0
UCI Electricity,lgbm,2014-11,10,M,csgr_vs_static_best_fixed,csgr,static_best_fixed,0.0,0.0,0.0,0.0,0.0,0.0,0.0,0.0
UCI Electricity,lgbm,2014-12,11,M,csgr_vs_static_best_fixed,csgr,static_best_fixed,0.0,0.0,0.0,0.0,0.0,0.0,0.0,0.0
London,persistence,2013-03,0,M,csgr_vs_static_global,csgr,static_global,6.586534971819713e-05,0.03624010312711473,-0.01450919411364504,-0.012908992969303701,-0.0242399352943169,-0.018574464131810298,0.08838386900345696,-0.013934576765754006
London,persistence,2013-04,1,M,csgr_vs_static_global,csgr,static_global,-0.00305763665941039,0.03813200658444532,0.0014209779613415519,-0.0028796161221657027,0.0024562858918345983,-0.00021166511516555048,0.09516730764497203,0.0015385674334750024
London,persistence,2013-05,2,M,csgr_vs_static_global,csgr,static_global,0.0,0.0,0.0,0.0,0.0,0.0,0.0,0.0
London,persistence,2013-06,3,M,csgr_vs_static_global,csgr,static_global,-0.0008557956537805778,0.002536077330051789,-0.003393575188404774,-0.008473519445146897,0.0054285230352303995,-0.0015224982049582558,0.007614964723140568,-0.004481233744590611
London,persistence,2013-07,4,M,csgr_vs_static_global,csgr,static_global,-0.0026066347525309785,-0.014713207982833487,-0.011150802589456,-0.014183079502991601,-0.010932992394440198,-0.0125580359487159,-0.04632843316860597,-0.016722138990104517
London,persistence,2013-08,5,M,csgr_vs_static_global,csgr,static_global,-0.0019718537037783923,-0.029890203097204415,-0.01391510866233503,-0.0244625529444396,-0.021093582871493797,-0.022778067907966694,-0.10004522135414044,-0.021069380573302553
London,persistence,2013-09,6,M,csgr_vs_static_global,csgr,static_global,-0.00649678980516577,-0.03879432698736909,-0.0027672562504057474,-0.007177566902106504,0.0035853941411617962,-0.0017960863804723504,-0.13506957611613254,-0.0036191973467920506
London,persistence,2013-10,7,M,csgr_vs_static_global,csgr,static_global,-0.005752975642285607,-0.03079853868925092,-0.003926963834548047,-0.007560350807635299,-0.005251713038466201,-0.0064060319230507465,-0.10036038794216612,-0.004698946678185423
London,persistence,2013-11,8,M,csgr_vs_static_global,csgr,static_global,-0.005780804561292263,-0.010918639958149512,-0.0011913427044252245,-0.0035014401948178994,0.030268896887571402,0.013383728346376751,-0.03266169116952335,-0.0012180519947052903
London,persistence,2013-12,9,M,csgr_vs_static_global,csgr,static_global,0.0,0.0,0.0,0.0,0.0,0.0,0.0,0.0
London,persistence,2014-01,10,M,csgr_vs_static_global,csgr,static_global,0.0011038447679641017,0.024809127629099204,-0.01833031039754729,-0.0200412513100928,-0.0166161777865347,-0.018328714548313748,0.06382688481736733,-0.018142337911872752
Ausgrid,persistence,2012-07,0,M,csgr_vs_static_global,csgr,static_global,-0.0019801668644585657,0.02324292018950347,-0.020850171541200835,-0.014526468155500398,-0.010015771281151997,-0.012271119718326201,0.03763708095721624,-0.013399721006738367
Ausgrid,persistence,2012-08,1,M,csgr_vs_static_global,csgr,static_global,-0.005646060344517534,0.03738551832126602,-0.007400578864967811,-0.005364656381486699,-0.017305911406081204,-0.011335283893783955,0.05523866942333897,-0.005190344515267625
Ausgrid,persistence,2012-09,2,M,csgr_vs_static_global,csgr,static_global,-0.01041898922333706,0.027346459701073744,0.01847527059193399,0.008612040133779295,0.00042239404352800713,0.004517217088653658,0.04330922436740443,0.017728550163212245
Ausgrid,persistence,2012-10,3,M,csgr_vs_static_global,csgr,static_global,0.0,0.0,0.0,0.0,0.0,0.0,0.0,0.0
Ausgrid,persistence,2012-11,4,M,csgr_vs_static_global,csgr,static_global,-0.005648457822370778,-0.013317035049983383,-0.0023847399932022117,-0.0028381642512076977,-0.0151045120676835,-0.008971338159445598,-0.030194840888116962,-0.0025871481629228124
Ausgrid,persistence,2012-12,5,M,csgr_vs_static_global,csgr,static_global,-0.0013013809472435245,-0.014754318910726927,-0.00796591756864684,-0.011020156795051604,-0.0010913999931402019,-0.0060557783940958995,-0.03425084651789076,-0.008447695217391714
Ausgrid,persistence,2013-01,6,M,csgr_vs_static_global,csgr,static_global,-0.001290142769806213,-0.014520993538357174,-0.013044163179583679,-0.014070198151544602,-0.0033403418339663996,-0.008705269992755501,-0.03476681984511335,-0.012531600967430825
Ausgrid,persistence,2013-02,7,M,csgr_vs_static_global,csgr,static_global,-0.003289735626692103,-0.009852989498637832,-0.009190587317019161,-0.0089534559643255,-0.0029224963181150006,-0.005937976141220252,-0.02351052502914466,-0.009749839198200964
Ausgrid,persistence,2013-03,8,M,csgr_vs_static_global,csgr,static_global,-0.0014587154313662198,-0.007770634141085864,-0.012410952288383958,-0.016410885748192897,-0.0086712916074614,-0.012541088677827147,-0.018430298505159343,-0.013212753003017668
Ausgrid,persistence,2013-04,9,M,csgr_vs_static_global,csgr,static_global,-0.0038577666295056545,-0.007583685797799,0.0011826562017556164,0.0006897993311036008,0.0018756645401381972,0.0012827319356209024,-0.01825042077726638,0.0012759601792599854
Ausgrid,persistence,2013-05,10,M,csgr_vs_static_global,csgr,static_global,-0.0010294170532599844,-0.013777789072940583,-0.0018705232601390342,-0.004223756608048301,0.0010254818987841044,-0.001599137354632102,-0.032226310590109754,-0.0015978010592268273
Ausgrid,persistence,2013-06,11,M,csgr_vs_static_global,csgr,static_global,0.0003739316239316226,-0.0033234125543752935,-0.017033552481934944,-0.007838628762541794,2.3674242424207015e-05,-0.0039074772600587865,-0.006942258678236069,-0.011375423326218681
UCI Electricity,persistence,2014-01,0,M,csgr_vs_static_global,csgr,static_global,-5.025541576020309e-05,-13.100733346456906,-3.235406851361745,-0.005326876990508697,-0.06833930704898461,-0.03683309201974665,-0.05799821425221736,-0.008427901153146301
UCI Electricity,persistence,2014-02,1,M,csgr_vs_static_global,csgr,static_global,0.005882558301913199,-16.804017366007855,-13.695372340543884,-0.032315668202765005,-0.05250496031746041,-0.0424103142601127,-0.07387588735025165,-0.037043885152067066
UCI Electricity,persistence,2014-03,2,M,csgr_vs_static_global,csgr,static_global,0.0004779191498754942,-16.06649598512945,-3.476165710144471,-0.005059636426701999,-0.0496465551573079,-0.027353095792004952,-0.0694907329423491,-0.009294983030440112
UCI Electricity,persistence,2014-04,3,M,csgr_vs_static_global,csgr,static_global,0.0003960980775497003,-12.901445256174867,1.6727176293948673,-0.004574983708048201,-0.055992269857376396,-0.030283626782712292,-0.05850032094575096,0.004109246490108468
UCI Electricity,persistence,2014-05,4,M,csgr_vs_static_global,csgr,static_global,-0.004499337810992321,-6.72438867001236,-10.323328148129065,-0.0195893639832245,-0.0528449820788531,-0.0362171730310388,-0.030491088228972014,-0.022825010832961977
UCI Electricity,persistence,2014-06,5,M,csgr_vs_static_global,csgr,static_global,-0.00396709025741282,13.612545632197396,-14.802802010783182,-0.025674079504724598,-0.0528301656920078,-0.03925212259836619,0.06172476790433129,-0.02899514745952148
UCI Electricity,persistence,2014-07,6,M,csgr_vs_static_global,csgr,static_global,0.0006079919906663012,22.59194444351533,-21.0456398536121,-0.0222154558067669,-0.0700736496258567,-0.0461445527163118,0.10244098103777793,-0.03646460799263018
UCI Electricity,persistence,2014-08,7,M,csgr_vs_static_global,csgr,static_global,0.004849154920694931,29.675883608667476,-20.467763974862123,-0.0289228786302147,0.004415571485463794,-0.012253653572375456,0.12756435600805485,-0.034453795777194304
UCI Electricity,persistence,2014-09,8,M,csgr_vs_static_global,csgr,static_global,0.0033205034213098505,44.762394121254545,-13.514026943090698,-0.0244348729227761,-0.0261316872427984,-0.025283280082787254,0.18840332291060466,-0.024042212136899086
UCI Electricity,persistence,2014-10,9,M,csgr_vs_static_global,csgr,static_global,0.0038066013937501086,43.89943046612515,-13.264725931501573,-0.016100455649102903,-0.03983066612169621,-0.027965560885399553,0.1935830575354315,-0.026057531804567782
UCI Electricity,persistence,2014-11,10,M,csgr_vs_static_global,csgr,static_global,0.004271546106223489,29.000601834517198,-4.831985005981494,-0.0122525659824047,-0.039364711934156395,-0.025808638958280547,0.13150041187697176,-0.012167913531146836
UCI Electricity,persistence,2014-12,11,M,csgr_vs_static_global,csgr,static_global,0.0007351086305300569,-1.1806716296679838,-7.322092803154874,-0.0173765490492857,-0.059104938271605095,-0.0382407436604454,-0.005353640992746355,-0.01955117878478807
London,lgbm,2013-03,0,M,csgr_vs_static_global,csgr,static_global,0.0,0.0,0.0,0.0,0.0,0.0,0.0,0.0
London,lgbm,2013-04,1,M,csgr_vs_static_global,csgr,static_global,-0.002279300477124324,-0.00036017882187189265,0.00030342781543835073,-0.0022059065300208958,0.0019609710728753,-0.00012246772857279695,-0.0010993413499138622,0.0005456755340497932
London,lgbm,2013-05,2,M,csgr_vs_static_global,csgr,static_global,0.0,0.0,0.0,0.0,0.0,0.0,0.0,0.0
London,lgbm,2013-06,3,M,csgr_vs_static_global,csgr,static_global,-0.0010400748631426149,0.0004740328801298155,-0.001045955475400595,-0.0144148824941135,-0.002379742547425399,-0.008397312520769449,0.0018440017497921909,-0.002320501615582232
London,lgbm,2013-07,4,M,csgr_vs_static_global,csgr,static_global,-0.0015278016870373667,0.0002389098731830075,-0.0010130951849552927,-0.010321566943698096,-0.009450744071272402,-0.009886155507485249,0.001010599642825345,-0.0025340881261398866
London,lgbm,2013-08,5,M,csgr_vs_static_global,csgr,static_global,-0.0010136315973435783,-0.0005423490979890033,-0.0013389341837045654,-0.0165627726547966,-0.006954998380374,-0.011758885517585298,-0.002342099158402041,-0.003386797783075323
London,lgbm,2013-09,6,M,csgr_vs_static_global,csgr,static_global,-0.004123072390701088,-0.0012858318633756083,-0.0009774637289842736,-0.008188001553250598,0.0026723760222593027,-0.002757812765495648,-0.0049357884806486745,-0.002121951976083412
London,lgbm,2013-10,7,M,csgr_vs_static_global,csgr,static_global,-0.002296379603521359,-4.7584819771795406e-05,-0.0011266083159598983,-0.012318187328109798,0.004998078951560601,-0.0036600541882746,-0.0001637916364962086,-0.002226996259508115
London,lgbm,2013-11,8,M,csgr_vs_static_global,csgr,static_global,-0.004241247733365983,0.0006261547581985494,-0.001196647490230518,-0.008499801507447502,0.010909429711255799,0.0012048141019041503,0.0017878803810323094,-0.0019543521177068962
London,lgbm,2013-12,9,M,csgr_vs_static_global,csgr,static_global,-0.003106200023676564,0.0007450934665740871,-0.0014392459047803952,-0.013475863421134597,-0.0012479554101331993,-0.007361909415633899,0.0020204679649672404,-0.0023141026508189657
London,lgbm,2014-01,10,M,csgr_vs_static_global,csgr,static_global,-0.004041206036913159,0.0021212419562576246,-0.0017404531980282911,-0.012201721149952199,-0.0027831712650813,-0.00749244620751675,0.005773513603536489,-0.0027948845615097064
Ausgrid,lgbm,2012-07,0,M,csgr_vs_static_global,csgr,static_global,0.0006945193656273663,0.0005779222418980101,-0.001378429229532241,-0.012268044017693398,-0.0023735873162868005,-0.0073208156669901,0.0009694193848321592,-0.0013965348803759874
Ausgrid,lgbm,2012-08,1,M,csgr_vs_static_global,csgr,static_global,0.0011575322760456475,0.0007170347821455758,-0.0009367972519240819,-0.012147570755565103,-0.0002955540607269998,-0.006221562408146052,0.0012789031899285539,-0.0010436842004061888
Ausgrid,lgbm,2012-09,2,M,csgr_vs_static_global,csgr,static_global,-0.000933667781493952,7.35152318259713e-05,-0.00013094730003893051,-0.005300074321813501,0.0017834595959594982,-0.0017583073629270016,0.00017561677627147995,-0.00020343935362372536
Ausgrid,lgbm,2012-10,3,M,csgr_vs_static_global,csgr,static_global,-0.001946452332146631,-0.0006390608637016904,-0.000779811896243765,-0.009240479016075099,-0.0035580356361472,-0.0063992573261111504,-0.0017028399622688924,-0.0012922203783740482
Ausgrid,lgbm,2012-11,4,M,csgr_vs_static_global,csgr,static_global,4.18060200669812e-05,-0.00029557306633332114,-0.0010892661059734854,-0.011696395392047605,-0.0011243188463582986,-0.0064103571192029515,-0.0008067793742610258,-0.0017923749117074506
Ausgrid,lgbm,2012-12,5,M,csgr_vs_static_global,csgr,static_global,0.0005439277879670801,-0.0009140669013686931,-0.0010607295631240854,-0.014051318013449797,-0.0032046594562182,-0.008627988734833995,-0.002278852940433028,-0.0016075288524240935
Ausgrid,lgbm,2013-01,6,M,csgr_vs_static_global,csgr,static_global,0.0006720430107526321,-0.0012280548301345506,-0.0015595991580067414,-0.015635001977919297,-0.0018512481597519996,-0.008743125068835646,-0.0027456125533214712,-0.0020058524853927657
Ausgrid,lgbm,2013-02,7,M,csgr_vs_static_global,csgr,static_global,-0.005870261984392444,-0.0018285887927051991,-0.001728090361668544,-0.013096731167383299,-0.010017586580086401,-0.01155715887373485,-0.004755348774321683,-0.002742327958693508
Ausgrid,lgbm,2013-03,8,M,csgr_vs_static_global,csgr,static_global,-0.0018003560254611362,-0.001885571595069524,-0.001712762368601295,-0.016338961412594003,-0.0050146564581633,-0.010676808935378649,-0.0049411804609707346,-0.0027437111175537955
Ausgrid,lgbm,2013-04,9,M,csgr_vs_static_global,csgr,static_global,-0.0029194537346711735,-0.001633658884646394,-0.0007607196613360623,-0.0109183389074693,0.0021016081871343996,-0.004408365360167449,-0.004385395576400027,-0.0012724710557157003
Ausgrid,lgbm,2013-05,10,M,csgr_vs_static_global,csgr,static_global,-0.004818930485129602,-0.0012944263747086127,-0.0013597420611776156,-0.011008918617614296,0.0004468228550359027,-0.005281047881289198,-0.0029129416775755743,-0.0018522283121583524
Ausgrid,lgbm,2013-06,11,M,csgr_vs_static_global,csgr,static_global,-0.0026779078409512325,-0.0005521378214429218,-0.001772828907529389,-0.012423355629877297,-0.0003509902333152029,-0.0063871729315962515,-0.000977592085034524,-0.0018691019611228158
UCI Electricity,lgbm,2014-01,0,M,csgr_vs_static_global,csgr,static_global,-0.0011968993104755077,-24.148813609334184,-11.65756796999051,-0.014403642205057497,0.0084290283057727,-0.002987306949642398,-0.06769684728742258,-0.027870515561888007
UCI Electricity,lgbm,2014-02,1,M,csgr_vs_static_global,csgr,static_global,-0.0008336574727613177,-36.37199819409352,-19.83941206924652,-0.0147149831083296,0.0024224122153371982,-0.0061462854464962025,-0.10434500018641031,-0.04906078057101692
UCI Electricity,lgbm,2014-03,2,M,csgr_vs_static_global,csgr,static_global,-0.0030697063107083533,-40.090423903852525,-11.31394301728028,-0.013172996846421994,-0.0566617706406419,-0.034917383743531955,-0.11664917813154894,-0.02764511699089465
UCI Electricity,lgbm,2014-04,3,M,csgr_vs_static_global,csgr,static_global,-0.0006750170283752466,-33.7887314169551,14.099183528057722,-0.014148438487798704,-0.053829378562169496,-0.0339889085249841,-0.09244758631602473,0.02919881488728353
UCI Electricity,lgbm,2014-05,4,M,csgr_vs_static_global,csgr,static_global,0.0003187126770681781,-18.073353571790562,-12.524784440002463,-0.014966471031681802,-0.008729573431171799,-0.011848022231426801,-0.0387617133964424,-0.023608052185343127
UCI Electricity,lgbm,2014-06,5,M,csgr_vs_static_global,csgr,static_global,2.1412926881958505e-05,-28.843428798533694,-13.438224393357132,-0.013369619747205196,-0.014159936233722898,-0.013764777990464046,-0.056921829074893515,-0.02186927478560998
UCI Electricity,lgbm,2014-07,6,M,csgr_vs_static_global,csgr,static_global,0.0007923414231754133,-43.9806621510337,-13.572162762295193,-0.014604145040909698,-0.017230998087412398,-0.01591757156416105,-0.07749347097538145,-0.02009048937386068
UCI Electricity,lgbm,2014-08,7,M,csgr_vs_static_global,csgr,static_global,0.0011692709669526291,-46.474548803274274,-4.858129391698299,-0.0155810043297562,-0.005700770544575899,-0.010640887437166055,-0.0811111427438676,-0.0068365010488821735
UCI Electricity,lgbm,2014-09,8,M,csgr_vs_static_global,csgr,static_global,-0.0004996349605798089,-42.75927004481798,-15.333984479390892,-0.011638435591955203,-0.006546888005053601,-0.0090926617985044,-0.07785661135038312,-0.023536082487154657
UCI Electricity,lgbm,2014-10,9,M,csgr_vs_static_global,csgr,static_global,0.0015284394327506057,-45.74748175969705,11.828491572313624,-0.010939837308525699,-0.0627680311890838,-0.036853934248804746,-0.10509246085697392,0.0193541098733756
UCI Electricity,lgbm,2014-11,10,M,csgr_vs_static_global,csgr,static_global,-0.002711284408534187,-25.911953052196168,2.4192762629272124,-0.0065953854122906,-0.006332300384712301,-0.006463842898501451,-0.0728523141771652,0.005385814173053249
UCI Electricity,lgbm,2014-12,11,M,csgr_vs_static_global,csgr,static_global,-0.0005259252534900449,-14.097027918735193,-1.1129314891131799,-0.007061607259149998,-0.0213898924071056,-0.014225749833127795,-0.04043572569731439,-0.0026243470851218245
