dataset,forecaster_key,window,window_order,comparison,target,base,delta_picp,delta_mpiw,delta_winkler_interval_score,delta_macro_user_abs_coverage_gap,delta_max_abs_cluster_coverage_gap,relative_mpiw_change,relative_winkler_interval_score_change
London,lgbm,2013-03,0,aci_user_vs_static_user,aci_user,rolling_user_norm,0.005874341002200967,0.0031528554882070403,-0.00221136124429433,-0.0211892202476148,-0.0139768388904487,0.00827658082200025,-0.0033711761495100003
London,lgbm,2013-04,1,aci_user_vs_static_user,aci_user,rolling_user_norm,0.005795538408297718,0.000457113721388569,-0.002831389115164895,-0.026579434423831004,-0.0041555636689635,0.0013967425023631518,-0.005089108741068288
London,lgbm,2013-05,2,aci_user_vs_static_user,aci_user,rolling_user_norm,0.01179848182288834,0.0007863784198055002,-0.0026436534993070637,-0.0345792387575455,-0.0135849911053613,0.0028323792876083537,-0.005415766465339398
London,lgbm,2013-06,3,aci_user_vs_static_user,aci_user,rolling_user_norm,0.003341310021566235,0.00019910764635561184,-0.000701268458769222,-0.0231202657281105,-0.0079726588021377,0.0007731089458352156,-0.001559415818875026
London,lgbm,2013-07,4,aci_user_vs_static_user,aci_user,rolling_user_norm,-0.010114961697366143,-0.003802494620680885,-0.0014817144428895257,-0.031115652633808402,-0.0138259974667512,-0.01606848659322121,-0.0037156766574162644
London,lgbm,2013-08,5,aci_user_vs_static_user,aci_user,rolling_user_norm,0.0001344338988519267,-0.0007151413488782066,-0.0008005641967759325,-0.0247238040935889,-0.0030690011113264997,-0.003095541273274675,-0.002031887061250603
London,lgbm,2013-09,6,aci_user_vs_static_user,aci_user,rolling_user_norm,0.01716070810676351,0.003974949931763727,-0.0011381595245122944,-0.0297546756844403,-0.017478497544617,0.015333910092963922,-0.002476056600720427
London,lgbm,2013-10,7,aci_user_vs_static_user,aci_user,rolling_user_norm,0.008798080027551225,0.0017448698450083788,-0.000895108270554168,-0.0232392671958381,-0.0119554546487632,0.0060069977625465286,-0.0017733332436496011
London,lgbm,2013-11,8,aci_user_vs_static_user,aci_user,rolling_user_norm,0.011388793093858096,0.003714411488893954,-0.0016267088239981797,-0.0265557778400656,-0.0228685139696573,0.01058695371152656,-0.0026619261138350787
London,lgbm,2013-12,9,aci_user_vs_static_user,aci_user,rolling_user_norm,0.00430886040529932,0.0014500302889293715,-0.0023738571315493617,-0.0251013978492291,-0.0041597070286722,0.003924114716891245,-0.0038256775452149123
London,lgbm,2014-01,10,aci_user_vs_static_user,aci_user,rolling_user_norm,0.002038770278362745,-0.0012076078672690338,-0.002252114924851889,-0.0247365897563408,-0.00038136600632369955,-0.0032679524147168743,-0.0036266661303850822
Ausgrid,lgbm,2012-07,0,aci_user_vs_static_user,aci_user,rolling_user_norm,0.007819523860898348,0.0030004811867150316,-0.0013329552307458359,-0.0221189808321646,-0.0114323680351905,0.005028198211476702,-0.0013523521881805376
Ausgrid,lgbm,2012-08,1,aci_user_vs_static_user,aci_user,rolling_user_norm,-0.005043694033876389,-0.002402473932243576,-0.0016428822976392032,-0.020209839249109997,-0.008224890029325601,-0.004279579178913097,-0.0018322446150989841
Ausgrid,lgbm,2012-09,2,aci_user_vs_static_user,aci_user,rolling_user_norm,-0.01061872909698991,-0.004250422091037875,-0.002081259496937493,-0.029138795986621998,-0.022348484848484798,-0.010151833049589764,-0.0032340967889842045
Ausgrid,lgbm,2012-10,3,aci_user_vs_static_user,aci_user,rolling_user_norm,0.006133797245297945,0.001565185169477068,-0.0010857328981906944,-0.0221639335419139,-0.0047028681813144,0.004177702405374826,-0.0018014876693600776
Ausgrid,lgbm,2012-11,4,aci_user_vs_static_user,aci_user,rolling_user_norm,0.007169732441471566,0.001032366452857425,-0.0008645843325953972,-0.0201714046822742,-0.0088598429470141,0.0028201638051844847,-0.0014252181501508757
Ausgrid,lgbm,2012-12,5,aci_user_vs_static_user,aci_user,rolling_user_norm,0.0007439673463516261,-0.0004442776811984239,-0.0011018074056498017,-0.0206813931743806,-0.0043634612671444,-0.0011101550425868833,-0.0016724706041668638
Ausgrid,lgbm,2013-01,6,aci_user_vs_static_user,aci_user,rolling_user_norm,0.006590067249253817,0.0016494651946741268,-0.0011547595463137217,-0.0232765131082101,-0.0094980255621874,0.003697930073014451,-0.0014881597895354155
Ausgrid,lgbm,2013-02,7,aci_user_vs_static_user,aci_user,rolling_user_norm,0.000890866379996802,-0.0011971061615442813,-0.0008355428481007232,-0.024429646440516,-0.0021623364756590004,-0.003128017221224566,-0.00132957941797899
Ausgrid,lgbm,2013-03,8,aci_user_vs_static_user,aci_user,rolling_user_norm,-0.003620940770309611,-0.0014613818694160785,-0.0007782411739918338,-0.0201608407954831,-0.0067342866644496,-0.003848598886252718,-0.001250111328975354
Ausgrid,lgbm,2013-04,9,aci_user_vs_static_user,aci_user,rolling_user_norm,0.008972036417688622,0.0024379975375212193,-0.0014311197690652921,-0.0241197510219249,-0.0126809901328349,0.0065733899920564,-0.0023969127822851266
Ausgrid,lgbm,2013-05,10,aci_user_vs_static_user,aci_user,rolling_user_norm,0.015468227424749181,0.004259391403303503,-0.0012269655943361046,-0.0261148272017837,-0.0151996194485594,0.009613220560206867,-0.0016744628999939884
Ausgrid,lgbm,2013-06,11,aci_user_vs_static_user,aci_user,rolling_user_norm,0.013440635451504979,0.005523117222486329,-0.0013465069059750423,-0.0243938127090301,-0.014391417395605599,0.009788569092793485,-0.001422287043831995
UCI Electricity,lgbm,2014-01,0,aci_user_vs_static_user,aci_user,rolling_user_norm,-0.005423049142929237,-14.074124820550423,-6.352863582450539,-0.0217289027995406,-0.005844673745077602,-0.04231914547656343,-0.01562364853219783
UCI Electricity,lgbm,2014-02,1,aci_user_vs_static_user,aci_user,rolling_user_norm,-0.007245062518847378,-3.3066981460615352,-2.0891878464948945,-0.0206063082631517,-0.004374344538279,-0.010591519755356259,-0.005432883435558893
UCI Electricity,lgbm,2014-03,2,aci_user_vs_static_user,aci_user,rolling_user_norm,0.0074103164234714525,10.252799053991339,-3.038309898093246,-0.026225218362586403,-0.0064382742225255,0.03377149318422946,-0.0076350469859738585
UCI Electricity,lgbm,2014-04,3,aci_user_vs_static_user,aci_user,rolling_user_norm,0.007991100379722615,22.49769854252571,-25.97466957606406,-0.027686098727868196,-4.173873036650115e-05,0.06782504133582548,-0.05226633108327496
UCI Electricity,lgbm,2014-05,4,aci_user_vs_static_user,aci_user,rolling_user_norm,0.0059213460528964035,-22.751895260515084,-9.113352240872132,-0.0237033426348757,-0.0002654916204208012,-0.050763404444299186,-0.017593160460786746
UCI Electricity,lgbm,2014-06,5,aci_user_vs_static_user,aci_user,rolling_user_norm,-0.0007973766105580093,-8.539551016389964,-5.49744744685313,-0.0212114414366646,0.0016483799515787986,-0.017869784095096625,-0.009146536628415098
UCI Electricity,lgbm,2014-07,6,aci_user_vs_static_user,aci_user,rolling_user_norm,-0.0009077884300391359,-4.639375166157265,-4.220105010638008,-0.0229224472397312,0.0010266056947363005,-0.008861217467431657,-0.006374978749985312
UCI Electricity,lgbm,2014-08,7,aci_user_vs_static_user,aci_user,rolling_user_norm,-0.003944932764452624,14.421287705855093,-9.917268877026913,-0.0210456933332807,-0.0057823637904391,0.027390905772804317,-0.014051935422055432
UCI Electricity,lgbm,2014-09,8,aci_user_vs_static_user,aci_user,rolling_user_norm,-0.0036259222853507467,-7.746258909623805,-6.660116277210477,-0.023189180150012898,-0.0060655231030753,-0.015295327012334586,-0.01046898963456675
UCI Electricity,lgbm,2014-10,9,aci_user_vs_static_user,aci_user,rolling_user_norm,0.009470601469038442,53.77774529843657,-37.28491341329607,-0.028738608241929503,-0.0201341172581522,0.13804757819293476,-0.05984831093028235
UCI Electricity,lgbm,2014-11,10,aci_user_vs_static_user,aci_user,rolling_user_norm,-0.004675155702568268,12.186292800987871,-12.0599485372515,-0.0296136700125215,0.0006310204502137998,0.036954377741969156,-0.02670414035702286
UCI Electricity,lgbm,2014-12,11,aci_user_vs_static_user,aci_user,rolling_user_norm,0.00936403500116434,-3.8351625094807673,-13.893793063388614,-0.031775752576343005,-0.0005606584128934992,-0.011464295793610413,-0.03284845182840552
London,persistence,2013-03,0,aci_user_vs_static_user,aci_user,rolling_user_norm,-0.0036172174712545413,-0.0036643189148098387,-0.010031432814648467,-0.021650335190970902,-0.0035261117219539005,-0.008210975417926411,-0.0097702961936969
London,persistence,2013-04,1,aci_user_vs_static_user,aci_user,rolling_user_norm,-0.014722777517688135,-0.04992117811006702,-0.0206858337317658,-0.028599761484035195,-0.017591408413724197,-0.11376337782855174,-0.022363230752849402
London,persistence,2013-05,2,aci_user_vs_static_user,aci_user,rolling_user_norm,-0.022186435961786377,-0.0670861145494312,-0.025578649612106763,-0.0347692821429172,-0.0361509965906111,-0.1668369612073626,-0.030998952074670086
London,persistence,2013-06,3,aci_user_vs_static_user,aci_user,rolling_user_norm,-0.01124065362782345,-0.03268921557989091,-0.016690612671185545,-0.029588651436446203,-0.031419376693767,-0.09741263570326443,-0.022139252291448537
London,persistence,2013-07,4,aci_user_vs_static_user,aci_user,rolling_user_norm,-0.018862141419681677,-0.03866332144535872,-0.017402554997544728,-0.036030499389211296,-0.031053304484657703,-0.12765580365659,-0.026541316177445106
London,persistence,2013-08,5,aci_user_vs_static_user,aci_user,rolling_user_norm,-0.003945051547777467,-0.012968622680052666,-0.01419560039450607,-0.0262301966595678,-0.0058591433473815,-0.04823259749404998,-0.02195669749250306
London,persistence,2013-09,6,aci_user_vs_static_user,aci_user,rolling_user_norm,0.031472689034774626,0.04809370163790491,-0.019061620745791208,-0.044543685902955696,-0.0413665712010033,0.19359598492461044,-0.025020579314787288
London,persistence,2013-10,7,aci_user_vs_static_user,aci_user,rolling_user_norm,0.031687750154949845,0.054373523353266395,-0.016546536481353846,-0.03974010296912,-0.034825585207527494,0.19694779675178836,-0.019892815407888984
London,persistence,2013-11,8,aci_user_vs_static_user,aci_user,rolling_user_norm,0.03479874853430687,0.07597173739042823,-0.02588938195425816,-0.043554116258637504,-0.0725894558543298,0.23493287523487022,-0.026502089496054676
London,persistence,2013-12,9,aci_user_vs_static_user,aci_user,rolling_user_norm,0.014306994052420419,0.036072378293589835,-0.020255766033786204,-0.026842052900538302,-0.013338906921084599,0.09595080602749409,-0.020651044390941828
London,persistence,2014-01,10,aci_user_vs_static_user,aci_user,rolling_user_norm,0.0018406376216111298,0.010924197483143883,-0.01122965528786457,-0.0230137271593746,-0.0041290679739221,0.026418656987180288,-0.011319866994706336
Ausgrid,persistence,2012-07,0,aci_user_vs_static_user,aci_user,rolling_user_norm,0.01875651814291357,0.06250797764869798,-0.026937942815786764,-0.032170406732117796,-0.0227801795809778,0.09754728967920134,-0.01754726021302011
Ausgrid,persistence,2012-08,1,aci_user_vs_static_user,aci_user,rolling_user_norm,-0.007943143812708997,-0.04633493683849288,-0.03242965095397432,-0.0319110295968642,-0.0100042766373411,-0.06487803391143199,-0.022862976872103227
Ausgrid,persistence,2012-09,2,aci_user_vs_static_user,aci_user,rolling_user_norm,-0.04242614269788181,-0.167452737804072,-0.07225213520015328,-0.05746701969528059,-0.052462772050400897,-0.2541900234229981,-0.06812415693292101
Ausgrid,persistence,2012-10,3,aci_user_vs_static_user,aci_user,rolling_user_norm,-0.024247491638795915,-0.07517990089803644,-0.02892259903655059,-0.0430359262056317,-0.032119498946901706,-0.14537315969203868,-0.030804276313271015
Ausgrid,persistence,2012-11,4,aci_user_vs_static_user,aci_user,rolling_user_norm,-0.0024201040505388294,-0.01494943372328339,-0.014487389121913163,-0.0294593088071349,-0.0027899610136453003,-0.03495147068266241,-0.015757794451730325
Ausgrid,persistence,2012-12,5,aci_user_vs_static_user,aci_user,rolling_user_norm,-0.004477289891034686,-0.006865096436132978,-0.01706314253024943,-0.027877872478152998,-0.009143322014714298,-0.01650191893811556,-0.018249283535585643
Ausgrid,persistence,2013-01,6,aci_user_vs_static_user,aci_user,rolling_user_norm,0.006304617542345459,0.01630457751526687,-0.013360921978512685,-0.028740514978242898,-0.008333163165090501,0.04044324015936831,-0.01299880881309282
Ausgrid,persistence,2013-02,7,aci_user_vs_static_user,aci_user,rolling_user_norm,0.002816929447364225,0.003052773125969188,-0.012363585426979462,-0.030554228380315296,-0.0044702129914758,0.0074596984349500715,-0.01324505298285594
Ausgrid,persistence,2013-03,8,aci_user_vs_static_user,aci_user,rolling_user_norm,0.0007731866076887695,0.0004630443154147734,-0.012415691988484023,-0.0267441651382746,0.0007747862311172,0.001118864050322155,-0.01339478083881266
Ausgrid,persistence,2013-04,9,aci_user_vs_static_user,aci_user,rolling_user_norm,0.016264864362690368,0.0181814955421416,-0.021943734474755394,-0.0372375510962467,-0.0274604598617757,0.044567824018549945,-0.0236447843655287
Ausgrid,persistence,2013-05,10,aci_user_vs_static_user,aci_user,rolling_user_norm,0.038796436149171165,0.09647393622205641,-0.04129984585666091,-0.050821286007120596,-0.0473943059628543,0.23316708551225793,-0.03533478828923934
Ausgrid,persistence,2013-06,11,aci_user_vs_static_user,aci_user,rolling_user_norm,0.051537532515793405,0.1728150904863225,-0.06021451694515645,-0.0596525455221107,-0.06185290404040401,0.36351613966166024,-0.040675428678414345
UCI Electricity,persistence,2014-01,0,aci_user_vs_static_user,aci_user,rolling_user_norm,-0.004961490555923431,-3.6733220289712847,-2.5489242176435027,-0.0194019408444486,-0.017560234966149002,-0.01732595539597317,-0.006811518161155787
UCI Electricity,persistence,2014-02,1,aci_user_vs_static_user,aci_user,rolling_user_norm,-0.0015644637620444435,-8.470810898634937,-2.9312630834769493,-0.017587452869710897,-0.014481371252204597,-0.040211047230794966,-0.008233623199333571
UCI Electricity,persistence,2014-03,2,aci_user_vs_static_user,aci_user,rolling_user_norm,-0.015050018919685937,-8.983608849962621,-2.4345330612958946,-0.0243553511178381,-0.0345728793309437,-0.043277028576073844,-0.006684793747580619
UCI Electricity,persistence,2014-04,3,aci_user_vs_static_user,aci_user,rolling_user_norm,-0.010810728250244428,22.62284964401104,-9.973564033239313,-0.029363188334962497,-0.0241898148148149,0.11358001380414538,-0.02464050162106386
UCI Electricity,persistence,2014-05,4,aci_user_vs_static_user,aci_user,rolling_user_norm,0.0004404739381326239,22.377099664413038,-5.409672144571402,-0.0264475530539527,-0.0123830147351654,0.10465792201834888,-0.012240238003724199
UCI Electricity,persistence,2014-06,5,aci_user_vs_static_user,aci_user,rolling_user_norm,0.0060911534701857395,9.068993916698844,-2.8927154529833388,-0.0227659661127403,-0.009116850768897702,0.03873176417023298,-0.005835333833866994
UCI Electricity,persistence,2014-07,6,aci_user_vs_static_user,aci_user,rolling_user_norm,0.012735313593794317,27.76082443945043,-5.472577619589515,-0.0249530949452905,-0.012154546312016798,0.11418186392690798,-0.009840874049105096
UCI Electricity,persistence,2014-08,7,aci_user_vs_static_user,aci_user,rolling_user_norm,-0.0024595591713176823,15.936334130043178,-2.7702801691790455,-0.0228258127581749,-0.018219832735961797,0.06075370526399785,-0.004829668329035728
UCI Electricity,persistence,2014-09,8,aci_user_vs_static_user,aci_user,rolling_user_norm,-0.008206052460084656,-14.68214461499906,-3.8935133132853252,-0.0213434750733138,-0.0028420781893003996,-0.051999706392731423,-0.007097416216387174
UCI Electricity,persistence,2014-10,9,aci_user_vs_static_user,aci_user,rolling_user_norm,-0.006806159934411693,-22.329887739168413,-4.597968643279614,-0.0280533613975341,-0.0026349850133098006,-0.08249779735564383,-0.009274012929663577
UCI Electricity,persistence,2014-11,10,aci_user_vs_static_user,aci_user,rolling_user_norm,-0.007719330400781987,-43.222061706724986,-11.135689862173649,-0.031963791137178205,-0.0094650205761318,-0.17320916380260795,-0.02838732926438942
UCI Electricity,persistence,2014-12,11,aci_user_vs_static_user,aci_user,rolling_user_norm,0.00521375303503302,-15.692783750952515,-5.190342227389806,-0.0301912859079873,-0.0055754679410593005,-0.07154040755216018,-0.014135422166191913
London,lgbm,2013-03,0,pid_user_vs_static_user,pid_user,rolling_user_norm,0.004993660444535197,0.01515157003802442,0.0019838682337296465,-0.0256989156108102,-0.0149052250484798,0.03977448204301319,0.0030243675883241416
London,lgbm,2013-04,1,pid_user_vs_static_user,pid_user,rolling_user_norm,0.005163171507632125,0.01204963323630287,0.0036508626711364567,-0.0313113777974624,-0.0060048696992246,0.03681848540425973,0.006562021812052637
London,lgbm,2013-05,2,pid_user_vs_static_user,pid_user,rolling_user_norm,0.011532229326771226,0.012868088283978285,0.0047181806305334195,-0.0386316152317587,-0.0148885587147543,0.046348304847519284,0.00966562540928849
London,lgbm,2013-06,3,pid_user_vs_static_user,pid_user,rolling_user_norm,0.001988378414831349,0.010481555169211787,0.006251881577492402,-0.0273017561402464,-0.0093530250167331,0.040698507646010275,0.013902354950892438
London,lgbm,2013-07,4,pid_user_vs_static_user,pid_user,rolling_user_norm,-0.014371557066620744,0.002762615199501911,0.004190510899178879,-0.0373602116819772,-0.0196010132995567,0.01167419016295066,0.0105084914339924
London,lgbm,2013-08,5,pid_user_vs_static_user,pid_user,rolling_user_norm,-0.0009733014276879226,0.0063036442254019165,0.00455748775496706,-0.0287954804106385,-0.004451394838152599,0.027285781898054435,0.011567217767693233
London,lgbm,2013-09,6,pid_user_vs_static_user,pid_user,rolling_user_norm,0.018091769280261905,0.012577534174092408,0.004198436030157904,-0.0344683515139822,-0.0187939983252841,0.04851954905785165,0.009133662743480077
London,lgbm,2013-10,7,pid_user_vs_static_user,pid_user,rolling_user_norm,0.008190017004240269,0.009981905664434076,0.0038171451713093774,-0.0277923695937486,-0.0128198960846924,0.0343643310495277,0.007562292351436648
London,lgbm,2013-11,8,pid_user_vs_static_user,pid_user,rolling_user_norm,0.010461280884626944,0.011535203540749772,0.002635630101100017,-0.0321139788900274,-0.0243236566552354,0.03287806596121631,0.0043129123596220035
London,lgbm,2013-12,9,pid_user_vs_static_user,pid_user,rolling_user_norm,0.002490071998191956,0.008913124989813614,0.0014775177931471983,-0.0307463070720595,-0.0058896312886714,0.02412096161925233,0.002381148624647629
London,lgbm,2014-01,10,pid_user_vs_static_user,pid_user,rolling_user_norm,0.0003337392930916616,0.00944235348085859,0.002968943082461206,-0.0295393215520702,-0.0045476654658193,0.025552302775374083,0.004781001715936526
Ausgrid,lgbm,2012-07,0,pid_user_vs_static_user,pid_user,rolling_user_norm,0.008439871255439324,0.022847198968000915,0.008448480510699796,-0.0260226741467975,-0.0131048387096773,0.03828727388686847,0.008571421486566073
Ausgrid,lgbm,2012-08,1,pid_user_vs_static_user,pid_user,rolling_user_norm,-0.008594958104074513,0.015316505829826688,0.008873508375101147,-0.0249109936346963,-0.011169660312805401,0.02728362566740296,0.009896288955500914
Ausgrid,lgbm,2012-09,2,pid_user_vs_static_user,pid_user,rolling_user_norm,-0.014358045336306136,0.009527934115942438,0.008490950136489595,-0.0347547380156076,-0.0276437621832357,0.022756797885200044,0.013194200248577037
Ausgrid,lgbm,2012-10,3,pid_user_vs_static_user,pid_user,rolling_user_norm,0.004890854820728596,0.014687495660457073,0.007420282321657146,-0.0267189916208149,-0.0066770615153338006,0.03920302028553231,0.012312003373861189
Ausgrid,lgbm,2012-11,4,pid_user_vs_static_user,pid_user,rolling_user_norm,0.006045615013006267,0.011976185839241038,0.00641756537445104,-0.024040784095131898,-0.0094826323805062,0.03271590793608926,0.010578991900062238
Ausgrid,lgbm,2012-12,5,pid_user_vs_static_user,pid_user,rolling_user_norm,-0.0010069406983852502,0.010479999687363684,0.004135791602768446,-0.024599920883230802,-0.0055772641614012,0.02618728104426108,0.0062778574958942315
Ausgrid,lgbm,2013-01,6,pid_user_vs_static_user,pid_user,rolling_user_norm,0.0058011471931528336,0.017659408079637617,0.0022103493837446475,-0.027014330923868103,-0.0098935816428334,0.03959056330511286,0.0028485177578428333
Ausgrid,lgbm,2013-02,7,pid_user_vs_static_user,pid_user,rolling_user_norm,-0.0011446886446886406,0.01075843346973021,0.006739210937391937,-0.028749601847427902,-0.0047686688311689,0.028111596321000173,0.010723945727191559
Ausgrid,lgbm,2013-03,8,pid_user_vs_static_user,pid_user,rolling_user_norm,-0.00503695112741398,0.010352689594262832,0.006964006342512374,-0.0237112058114863,-0.0086293440305952,0.027264160364956606,0.011186485005896502
Ausgrid,lgbm,2013-04,9,pid_user_vs_static_user,pid_user,rolling_user_norm,0.008581846897064316,0.013580323423821705,0.0065657938588470355,-0.0285837049424006,-0.013553849902534,0.03661560797711091,0.010996728272713594
Ausgrid,lgbm,2013-05,10,pid_user_vs_static_user,pid_user,rolling_user_norm,0.016430215413385074,0.016167440665754484,0.006002463606946784,-0.0300868486352357,-0.0167552541544476,0.03648905636927705,0.008191674375217426
Ausgrid,lgbm,2013-06,11,pid_user_vs_static_user,pid_user,rolling_user_norm,0.014186176142697904,0.021768897663313136,0.005574852959385979,-0.029185247120029803,-0.015527781031969199,0.03858081410688703,0.00588860042248465
UCI Electricity,lgbm,2014-01,0,pid_user_vs_static_user,pid_user,rolling_user_norm,-0.00844637930558123,-26.199942793541368,-20.495516521843683,-0.0273110122630376,-0.024295897512586602,-0.07877997422181128,-0.05040478871728276
UCI Electricity,lgbm,2014-02,1,pid_user_vs_static_user,pid_user,rolling_user_norm,-0.010757786994506358,-16.26986118698852,-14.829266597466244,-0.026692772637679097,-0.0203427719821162,-0.05211318014743465,-0.03856315601013527
UCI Electricity,lgbm,2014-03,2,pid_user_vs_static_user,pid_user,rolling_user_norm,0.008378295173328332,0.9126949673134845,-16.024194984116775,-0.031877780102066905,-0.0123081792314263,0.0030063080048280746,-0.04026761117847743
UCI Electricity,lgbm,2014-04,3,pid_user_vs_static_user,pid_user,rolling_user_norm,0.007625041296358992,30.928633047154733,-45.4581113169819,-0.0329669343622415,-0.009259788490836201,0.09324224035265896,-0.09147098828557144
UCI Electricity,lgbm,2014-05,4,pid_user_vs_static_user,pid_user,rolling_user_norm,0.005065854130239966,-55.214830191182045,-41.90618657481582,-0.0281840679183622,-0.0085301474338883,-0.12319381415149941,-0.08089912967523434
UCI Electricity,lgbm,2014-06,5,pid_user_vs_static_user,pid_user,rolling_user_norm,-0.0023442056619857876,-40.1943615553962,-51.52646544020638,-0.025991010649362302,-0.00814159273301525,-0.08411034274010622,-0.08572864189022657
UCI Electricity,lgbm,2014-07,6,pid_user_vs_static_user,pid_user,rolling_user_norm,-0.0019349707731594057,-19.47187284980572,-33.46543435316801,-0.0289041809577563,-0.0064082180927118,-0.03719132289170377,-0.0505535839327896
UCI Electricity,lgbm,2014-08,7,pid_user_vs_static_user,pid_user,rolling_user_norm,-0.0066347493517207035,0.020249981751135238,-46.24620588782955,-0.025956039358548698,-0.0201011913663327,3.8461568298173274e-05,-0.06552698194522259
UCI Electricity,lgbm,2014-09,8,pid_user_vs_static_user,pid_user,rolling_user_norm,-0.006350462315288019,-25.48571710921641,-32.38753496423942,-0.0284473792616823,-0.016120640807706102,-0.05032266309160154,-0.05090973696510365
UCI Electricity,lgbm,2014-10,9,pid_user_vs_static_user,pid_user,rolling_user_norm,0.010027115245714646,43.064080307243785,-72.5992406417638,-0.0335988285582346,-0.026596905753242,0.11054557904073914,-0.11653351260516093
UCI Electricity,lgbm,2014-11,10,pid_user_vs_static_user,pid_user,rolling_user_norm,-0.007641355907316738,2.949942611637937,-40.96284522183578,-0.0357037103503971,-0.013106247305793314,0.008945566577783382,-0.09070333632420324
UCI Electricity,lgbm,2014-12,11,pid_user_vs_static_user,pid_user,rolling_user_norm,0.010747425630419527,-23.367565242101875,-38.56962861281119,-0.0394682727943701,-0.0162817879152795,-0.06985171534444697,-0.0911883876308733
London,persistence,2013-03,0,pid_user_vs_static_user,pid_user,rolling_user_norm,-0.006348613198340791,0.02164176801754747,-0.01804519885835032,-0.0270092117913036,-0.0054789896473175,0.04849469419114959,-0.01757544918835427
London,persistence,2013-04,1,pid_user_vs_static_user,pid_user,rolling_user_norm,-0.021340942463363266,-0.03591028512187738,-0.03125267621514294,-0.0360597559834384,-0.029762257662892,-0.08183451370566366,-0.033786929688507585
London,persistence,2013-05,2,pid_user_vs_static_user,pid_user,rolling_user_norm,-0.029861961520211033,-0.0488859073379288,-0.03599184785302745,-0.0434093611250232,-0.0477314450563861,-0.12157472944889612,-0.043618782992622604
London,persistence,2013-06,3,pid_user_vs_static_user,pid_user,rolling_user_norm,-0.016850560851794594,-0.0111775476845839,-0.02376401305443343,-0.0366315732721139,-0.0419546070460705,-0.03330867264138468,-0.031521759616269844
London,persistence,2013-07,4,pid_user_vs_static_user,pid_user,rolling_user_norm,-0.02534041520640007,-0.017721206910231324,-0.023094871463623212,-0.0436582512073596,-0.040383949244573,-0.05851062002232247,-0.03522289029857741
London,persistence,2013-08,5,pid_user_vs_static_user,pid_user,rolling_user_norm,-0.008624003656061419,0.010817782583712132,-0.02161675778997907,-0.0333577085203617,-0.0104183633934006,0.040233243422285486,-0.03343519107138082
London,persistence,2013-09,6,pid_user_vs_static_user,pid_user,rolling_user_norm,0.03281733144046206,0.07612923068972319,-0.025523378801225793,-0.0507739973566409,-0.044447322245737,0.3064499694345399,-0.03350238325450028
London,persistence,2013-10,7,pid_user_vs_static_user,pid_user,rolling_user_norm,0.033899398888663335,0.08393246606971239,-0.02306192442221522,-0.0450892328456138,-0.037427259471103196,0.30401403567276936,-0.027725838939091235
London,persistence,2013-11,8,pid_user_vs_static_user,pid_user,rolling_user_norm,0.037138300296195026,0.10578675102236823,-0.03168362465451258,-0.0493427992371505,-0.0784247300444632,0.3271319892517233,-0.032433460854216715
London,persistence,2013-12,9,pid_user_vs_static_user,pid_user,rolling_user_norm,0.010414986179674957,0.06040189443809424,-0.030721233757929012,-0.0352699532889787,-0.019835478493824797,0.16066615873654916,-0.03132073904394846
London,persistence,2014-01,10,pid_user_vs_static_user,pid_user,rolling_user_norm,-0.0001452073507187679,0.033960135492196175,-0.0175032323663592,-0.0277816982076239,-0.0051957367491505,0.08212787915916524,-0.017643841888783603
Ausgrid,persistence,2012-07,0,pid_user_vs_static_user,pid_user,rolling_user_norm,0.017097763153162804,0.10123296980300056,-0.035692351471793726,-0.0385788650339843,-0.023128168112787402,0.15797986436159853,-0.023249844398774804
Ausgrid,persistence,2012-08,1,pid_user_vs_static_user,pid_user,rolling_user_norm,-0.01515355845650379,-0.0270041174920016,-0.0384422244983087,-0.0403981011975402,-0.0192603025158202,-0.03781108101001912,-0.027101854745967296
Ausgrid,persistence,2012-09,2,pid_user_vs_static_user,pid_user,rolling_user_norm,-0.053193515421776305,-0.1601965069214339,-0.08243298863348525,-0.07530425492382009,-0.0666881443298969,-0.24317520501985815,-0.0777233480859861
Ausgrid,persistence,2012-10,3,pid_user_vs_static_user,pid_user,rolling_user_norm,-0.03125337145323115,-0.059454943185799525,-0.03478053044559859,-0.0508815226381846,-0.0405165724420796,-0.11496627219491405,-0.037043319267898396
Ausgrid,persistence,2012-11,4,pid_user_vs_static_user,pid_user,rolling_user_norm,-0.005276848755109698,0.0063988488374494,-0.01928723840893809,-0.03464790040877,-0.0033734375314001,0.014960377876827056,-0.02097854456948757
Ausgrid,persistence,2012-12,5,pid_user_vs_static_user,pid_user,rolling_user_norm,-0.009954777573992213,0.018806028944160613,-0.02773568590880715,-0.0353701406120761,-0.0159204524017766,0.04520483697082651,-0.02966372667323491
Ausgrid,persistence,2013-01,6,pid_user_vs_static_user,pid_user,rolling_user_norm,0.0050886467436257465,0.0525190517325862,-0.02598646242821645,-0.0333674973927428,-0.007792581199423601,0.13027265626321297,-0.02528216670797504
Ausgrid,persistence,2013-02,7,pid_user_vs_static_user,pid_user,rolling_user_norm,5.9722885809798676e-05,0.033400375256246506,-0.01758818902160686,-0.0366877687529861,-0.0061003536841164,0.08161652266467244,-0.01884214711335411
Ausgrid,persistence,2013-03,8,pid_user_vs_static_user,pid_user,rolling_user_norm,-0.0010788650339842443,0.026829112884669715,-0.01865517221262203,-0.0315271334556047,-0.0012917460269472,0.06482776898319773,-0.02012630013133009
Ausgrid,persistence,2013-04,9,pid_user_vs_static_user,pid_user,rolling_user_norm,0.016004738015607534,0.04468059635093519,-0.027139498173104015,-0.0431229096989966,-0.027351641414141398,0.10952437606668888,-0.029243316939964827
Ausgrid,persistence,2013-05,10,pid_user_vs_static_user,pid_user,rolling_user_norm,0.0408372891717913,0.12983429867240598,-0.04661468569691718,-0.0599152191894128,-0.0508996212121212,0.3137954789290718,-0.039881990261819614
Ausgrid,persistence,2013-06,11,pid_user_vs_static_user,pid_user,rolling_user_norm,0.054085377183203276,0.21601972322879037,-0.07027675721107762,-0.0700599219620959,-0.06634311868686871,0.454396983839355,-0.04747255928820275
UCI Electricity,persistence,2014-01,0,pid_user_vs_static_user,pid_user,rolling_user_norm,-0.006724371708763055,7.69601666370346,-7.830467488919339,-0.0239854318418314,-0.032394962166467506,0.036299796312531454,-0.020925444209724205
UCI Electricity,persistence,2014-02,1,pid_user_vs_static_user,pid_user,rolling_user_norm,-0.003943888772517834,2.033117902702145,-8.777239464560012,-0.0221562543639156,-0.025256283068783098,0.009651236580491402,-0.024654382913929872
UCI Electricity,persistence,2014-03,2,pid_user_vs_static_user,pid_user,rolling_user_norm,-0.016770527859237494,4.343274211307602,-8.853005185315396,-0.0296993740737237,-0.0482875348466746,0.020922994900570025,-0.024308773888079196
UCI Electricity,persistence,2014-04,3,pid_user_vs_static_user,pid_user,rolling_user_norm,-0.014874551971326255,34.53367097322595,-15.076696132315817,-0.035414630172694694,-0.0407150205761318,0.17337934378594874,-0.03724820477920534
UCI Electricity,persistence,2014-05,4,pid_user_vs_static_user,pid_user,rolling_user_norm,-0.0019195598019740023,33.19204195178068,-12.154136965125815,-0.030811496862485396,-0.024728693747511,0.15523951675219688,-0.0275006553460531
UCI Electricity,persistence,2014-06,5,pid_user_vs_static_user,pid_user,rolling_user_norm,0.004518980123818794,19.059553568673294,-10.935512598983053,-0.0274315738025416,-0.0235343567251463,0.08139934162404736,-0.022059676347949506
UCI Electricity,persistence,2014-07,6,pid_user_vs_static_user,pid_user,rolling_user_norm,0.014766223630687803,48.657048869123145,-12.213069626206561,-0.031620904676315696,-0.0228728651611353,0.2001292341002649,-0.021961731436065914
UCI Electricity,persistence,2014-08,7,pid_user_vs_static_user,pid_user,rolling_user_norm,-0.0061932409422003065,39.16776068840494,-10.40718302893788,-0.0286453899031943,-0.041728892871366,0.14931831682847052,-0.01814373969410992
UCI Electricity,persistence,2014-09,8,pid_user_vs_static_user,pid_user,rolling_user_norm,-0.013086510263929596,-6.208287330408439,-13.919555017348898,-0.0272747637666992,-0.0193672839506173,-0.021987872129603993,-0.025373709438189805
UCI Electricity,persistence,2014-10,9,pid_user_vs_static_user,pid_user,rolling_user_norm,-0.009959440923280605,-11.703644044107989,-18.709434292317837,-0.0344032809888689,-0.0160633999874238,-0.04323912712645665,-0.03773656346857672
UCI Electricity,persistence,2014-11,10,pid_user_vs_static_user,pid_user,rolling_user_norm,-0.012203690127077227,-28.656629539924182,-24.010582725994652,-0.039631190941674804,-0.0273662551440329,-0.1148392891040431,-0.06120827053454107
UCI Electricity,persistence,2014-12,11,pid_user_vs_static_user,pid_user,rolling_user_norm,0.002945361523665424,-4.914062695649676,-14.742492654068883,-0.037988561473212897,-0.0218165073675825,-0.022402274418794957,-0.040149829879723674
London,lgbm,2013-03,0,pid_user_vs_aci_user,pid_user,aci_user,-0.0008806805576657695,0.01199871454981738,0.004195229478023976,-0.004509695363195399,-0.0009283861580310999,0.031239346246973415,0.006417177172465136
London,lgbm,2013-04,1,pid_user_vs_aci_user,pid_user,aci_user,-0.000632366900665593,0.011592519514914301,0.006482251786301352,-0.004731943373631401,-0.0018493060302611,0.03537233685560245,0.011710727719924664
London,lgbm,2013-05,2,pid_user_vs_aci_user,pid_user,aci_user,-0.0002662524961171142,0.012081709864172785,0.007361834129840483,-0.0040523764742132,-0.001303567609393,0.043393020068641736,0.015163513924838739
London,lgbm,2013-06,3,pid_user_vs_aci_user,pid_user,aci_user,-0.0013529316067348862,0.010282447522856175,0.006953150036261624,-0.0041814904121359,-0.0013803662145954,0.039894555862147914,0.015485919758007931
London,lgbm,2013-07,4,pid_user_vs_aci_user,pid_user,aci_user,-0.004256595369254601,0.006565109820182796,0.005672225342068404,-0.0062445590481688,-0.0057750158328055,0.028195739620245745,0.014277217615635935
London,lgbm,2013-08,5,pid_user_vs_aci_user,pid_user,aci_user,-0.0011077353265398493,0.007018785574280123,0.0053580519517429925,-0.0040716763170496,-0.0013823937268261,0.03047566184038639,0.013626792933191129
London,lgbm,2013-09,6,pid_user_vs_aci_user,pid_user,aci_user,0.0009310611734983931,0.008602584242328681,0.005336595554670198,-0.0047136758295419,-0.0013155007806671,0.03268445841806786,0.011638537020613123
London,lgbm,2013-10,7,pid_user_vs_aci_user,pid_user,aci_user,-0.0006080630233109563,0.008237035819425698,0.004712253441863545,-0.0045531023979104995,-0.0008644414359291999,0.028188007986078158,0.009352210180300575
London,lgbm,2013-11,8,pid_user_vs_aci_user,pid_user,aci_user,-0.0009275122092311516,0.007820792051855818,0.004262338925098197,-0.0055582010499618,-0.0014551426855781,0.022057589569925106,0.006993454532703605
London,lgbm,2013-12,9,pid_user_vs_aci_user,pid_user,aci_user,-0.0018187884071073634,0.007463094700884243,0.00385137492469656,-0.0056449092228304,-0.0017299242599992,0.02011790194725688,0.006230662676154514
London,lgbm,2014-01,10,pid_user_vs_aci_user,pid_user,aci_user,-0.0017050309852710832,0.010649961348127623,0.005221058007313095,-0.0048027317957294,-0.0041662994594956005,0.028914747208050436,0.008438270636638528
Ausgrid,lgbm,2012-07,0,pid_user_vs_aci_user,pid_user,aci_user,0.0006203473945409765,0.019846717781285883,0.009781435741445632,-0.0039036933146328998,-0.0016724706744867999,0.03309267912540046,0.009937212285525356
Ausgrid,lgbm,2012-08,1,pid_user_vs_aci_user,pid_user,aci_user,-0.0035512640701981235,0.017718979762070264,0.01051639067274035,-0.0047011543855863,-0.0029447702834797997,0.031698862638860556,0.01175006255945153
Ausgrid,lgbm,2012-09,2,pid_user_vs_aci_user,pid_user,aci_user,-0.003739316239316226,0.013778356206980313,0.010572209633427088,-0.005615942028985599,-0.0052952773347509,0.033246140199639805,0.01648160012761127
Ausgrid,lgbm,2012-10,3,pid_user_vs_aci_user,pid_user,aci_user,-0.0012429424245693488,0.013122310490980005,0.00850601521984784,-0.004555058078901,-0.0019741933340193998,0.034879601285966594,0.014138962209298866
Ausgrid,lgbm,2012-11,4,pid_user_vs_aci_user,pid_user,aci_user,-0.0011241174284652988,0.010943819386383613,0.007282149707046437,-0.0038693794128577,-0.0006227894334921,0.02981167033724758,0.012021343086569282
Ausgrid,lgbm,2012-12,5,pid_user_vs_aci_user,pid_user,aci_user,-0.0017509080447368763,0.010924277368562108,0.005237599008418248,-0.0039185277088502005,-0.0012138028942568,0.027327774153126733,0.007963647065680406
Ausgrid,lgbm,2013-01,6,pid_user_vs_aci_user,pid_user,aci_user,-0.0007889200561009835,0.01600994288496349,0.003365108930058369,-0.0037378178156580004,-0.00039555608064599995,0.03576039379645566,0.0043431408349290795
Ausgrid,lgbm,2013-02,7,pid_user_vs_aci_user,pid_user,aci_user,-0.0020355550246854426,0.011955539631274492,0.0075747537854926605,-0.0043199554069118995,-0.0026063323555099,0.031337638214231356,0.012069572600483955
Ausgrid,lgbm,2013-03,8,pid_user_vs_aci_user,pid_user,aci_user,-0.0014160103571043692,0.01181407146367891,0.007742247516504208,-0.0035503650160032003,-0.0018950573661456,0.03123296239549901,0.012452162924814414
Ausgrid,lgbm,2013-04,9,pid_user_vs_aci_user,pid_user,aci_user,-0.0003901895206243067,0.011142325886300486,0.007996913627912328,-0.0044639539204757,-0.0008728597696991001,0.029846028400662958,0.013425821578352553
Ausgrid,lgbm,2013-05,10,pid_user_vs_aci_user,pid_user,aci_user,0.0009619879886358929,0.011908049262450981,0.007229429201282889,-0.003972021433452,-0.0015556347058881999,0.026619932526396117,0.009882685465375496
Ausgrid,lgbm,2013-06,11,pid_user_vs_aci_user,pid_user,aci_user,0.0007455406911929252,0.016245780440826807,0.006921359865361021,-0.0047914344109997,-0.0011363636363635999,0.02851314215208522,0.00732130045710078
UCI Electricity,lgbm,2014-01,0,pid_user_vs_aci_user,pid_user,aci_user,-0.0030233301626519937,-12.125817972990944,-14.142652939393145,-0.005582109463497,-0.018451223767509,-0.038072003395527396,-0.03533317326571572
UCI Electricity,lgbm,2014-02,1,pid_user_vs_aci_user,pid_user,aci_user,-0.0035127244756589793,-12.963163040926986,-12.74007875097135,-0.0060864643745274,-0.0159684274438372,-0.04196614565281635,-0.03331124870588838
UCI Electricity,lgbm,2014-03,2,pid_user_vs_aci_user,pid_user,aci_user,0.0009679787498568793,-9.340104086677854,-12.98588508602353,-0.0056525617394805,-0.0058699050089008,-0.029760140787630222,-0.03288363226995416
UCI Electricity,lgbm,2014-04,3,pid_user_vs_aci_user,pid_user,aci_user,-0.00036605908336362347,8.430934504629022,-19.48344174091784,-0.0052808356343733,-0.0092180497604697,0.023802774830076222,-0.04136674520290921
UCI Electricity,lgbm,2014-05,4,pid_user_vs_aci_user,pid_user,aci_user,-0.0008554919226564373,-32.46293493066696,-32.79283433394369,-0.0044807252834864995,-0.0082646558134675,-0.07630385306078313,-0.06443966660914183
UCI Electricity,lgbm,2014-06,5,pid_user_vs_aci_user,pid_user,aci_user,-0.0015468290514277783,-31.654810539006235,-46.02901799335325,-0.0047795692126977,-0.009789972684594049,-0.06744580053875815,-0.07728903222604172
UCI Electricity,lgbm,2014-07,6,pid_user_vs_aci_user,pid_user,aci_user,-0.0010271823431202698,-14.832497683648455,-29.24532934253,-0.0059817337180251,-0.0074348237874481,-0.02858338905060574,-0.04446204980549511
UCI Electricity,lgbm,2014-08,7,pid_user_vs_aci_user,pid_user,aci_user,-0.002689816587268079,-14.401037724103958,-36.32893701080263,-0.004910346025268,-0.0143188275758936,-0.026623210358214737,-0.052208679516199584
UCI Electricity,lgbm,2014-09,8,pid_user_vs_aci_user,pid_user,aci_user,-0.0027245400299372724,-17.739458199592605,-25.727418687028944,-0.0052581991116694,-0.0100551177046308,-0.035571412465213025,-0.04086860028328183
UCI Electricity,lgbm,2014-10,9,pid_user_vs_aci_user,pid_user,aci_user,0.000556513776676204,-10.713664991192786,-35.31432722846773,-0.0048602203163050995,-0.0064627884950898,-0.02416594848860805,-0.06029367636510734
UCI Electricity,lgbm,2014-11,10,pid_user_vs_aci_user,pid_user,aci_user,-0.0029662002047484703,-9.236350189349935,-28.902896684584277,-0.0060900403378756,-0.013737267756007114,-0.027010649422375414,-0.0657551301930499
UCI Electricity,lgbm,2014-12,11,pid_user_vs_aci_user,pid_user,aci_user,0.0013833906292551879,-19.532402732621108,-24.675835549422573,-0.007692520218027099,-0.015721129502386,-0.059064553058010984,-0.06032140041833129
London,persistence,2013-03,0,pid_user_vs_aci_user,pid_user,aci_user,-0.00273139572708625,0.025306086932357308,-0.008013766043701853,-0.0053588766003327005,-0.0019528779253636,0.05717513322248247,-0.007882164072290967
London,persistence,2013-04,1,pid_user_vs_aci_user,pid_user,aci_user,-0.006618164945675131,0.014010892988189638,-0.010566842483377137,-0.0074599944994032,-0.0121708492491678,0.03602747090800229,-0.011685013590942614
London,persistence,2013-05,2,pid_user_vs_aci_user,pid_user,aci_user,-0.007675525558424656,0.018200207211502395,-0.010413198240920685,-0.008640078982106,-0.011580448465775,0.05432577977061659,-0.01302354723451753
London,persistence,2013-06,3,pid_user_vs_aci_user,pid_user,aci_user,-0.0056099072239711445,0.021511667895307007,-0.007073400383247885,-0.007042921835667701,-0.0105352303523035,0.07102244679862907,-0.009594931943845378
London,persistence,2013-07,4,pid_user_vs_aci_user,pid_user,aci_user,-0.0064782737867183915,0.0209421145351274,-0.005692316466078484,-0.0076277518181483,-0.0093306447599153,0.07926364836735567,-0.008918276928859173
London,persistence,2013-08,5,pid_user_vs_aci_user,pid_user,aci_user,-0.004678952108283951,0.023786405263764798,-0.007421157395472999,-0.0071275118607939,-0.0045592200460191,0.09294901326039312,-0.011736181362777418
London,persistence,2013-09,6,pid_user_vs_aci_user,pid_user,aci_user,0.001344642405687435,0.028035529051818275,-0.0064617580554345855,-0.006230311453685201,-0.0030807510447337,0.094549567806277,-0.008699469711629403
London,persistence,2013-10,7,pid_user_vs_aci_user,pid_user,aci_user,0.0022116487337134894,0.02955894271644599,-0.006515387940861372,-0.0053491298764938005,-0.0026016742635757,0.08944938050893407,-0.007992007052230826
London,persistence,2013-11,8,pid_user_vs_aci_user,pid_user,aci_user,0.002339551761888159,0.02981501363194,-0.005794242700254415,-0.005788682978513,-0.0058352741901334,0.07465921093024419,-0.006092844467525954
London,persistence,2013-12,9,pid_user_vs_aci_user,pid_user,aci_user,-0.003892007872745462,0.024329516144504404,-0.010465467724142807,-0.0084279003884404,-0.0064965715727401995,0.05904950509925676,-0.01089468119805278
London,persistence,2014-01,10,pid_user_vs_aci_user,pid_user,aci_user,-0.0019858449723298977,0.023035938009052292,-0.00627357707849463,-0.0047679710482493,-0.0010666687752284,0.05427534056669114,-0.006396381077117695
Ausgrid,persistence,2012-07,0,pid_user_vs_aci_user,pid_user,aci_user,-0.0016587549897507659,0.038724992154302584,-0.008754408656006962,-0.0064084583018665,-0.00034798853180959986,0.05506147684995042,-0.005804436137041211
Ausgrid,persistence,2012-08,1,pid_user_vs_aci_user,pid_user,aci_user,-0.007210414643794794,0.01933081934649128,-0.006012573544334376,-0.008487071600676,-0.0092560258784791,0.02894483701909883,-0.004338058812156221
Ausgrid,persistence,2012-09,2,pid_user_vs_aci_user,pid_user,aci_user,-0.010767372723894497,0.007256230882638104,-0.010180853433331971,-0.0178372352285395,-0.014225372279496001,0.014768934110661791,-0.010300933568007646
Ausgrid,persistence,2012-10,3,pid_user_vs_aci_user,pid_user,aci_user,-0.007005879814435234,0.01572495771223692,-0.005857931409048001,-0.0078455964325529,-0.0083970734951779,0.035579139412667674,-0.006437340572340385
Ausgrid,persistence,2012-11,4,pid_user_vs_aci_user,pid_user,aci_user,-0.0028567447045708683,0.02134828256073279,-0.0047998492870249265,-0.0051885916016351005,-0.0005834765177547998,0.05171952191336579,-0.005304334734201971
Ausgrid,persistence,2012-12,5,pid_user_vs_aci_user,pid_user,aci_user,-0.005477487682957527,0.02567112538029359,-0.01067254337855772,-0.0074922681339231,-0.0067771303870623,0.06274212130878505,-0.011626620634162794
Ausgrid,persistence,2013-01,6,pid_user_vs_aci_user,pid_user,aci_user,-0.0012159707987197121,0.036214474217319326,-0.012625540449703765,-0.0046269824144999,0.0005405819656668999,0.08633764210922756,-0.012445129757250857
Ausgrid,persistence,2013-02,7,pid_user_vs_aci_user,pid_user,aci_user,-0.002757206561554426,0.030347602130277318,-0.005224603594627397,-0.0061335403726708,-0.0016301406926405998,0.07360773274099415,-0.005672223024994803
Ausgrid,persistence,2013-03,8,pid_user_vs_aci_user,pid_user,aci_user,-0.0018520516416730137,0.02636606856925494,-0.006239480224138005,-0.0047829683173301,-0.0020665322580644,0.06363770299474968,-0.006822910685837008
Ausgrid,persistence,2013-04,9,pid_user_vs_aci_user,pid_user,aci_user,-0.0002601263470828341,0.026499100808793585,-0.005195763698348621,-0.0058853586027499,0.00010881844763429996,0.062185097563358806,-0.005734114474718091
Ausgrid,persistence,2013-05,10,pid_user_vs_aci_user,pid_user,aci_user,0.002040853022620137,0.03336036245034957,-0.005314839840256269,-0.0090939331822922,-0.0035053152492669003,0.06538318640196339,-0.004713761745918213
Ausgrid,persistence,2013-06,11,pid_user_vs_aci_user,pid_user,aci_user,0.002547844667409871,0.043204632742467886,-0.010062240265921174,-0.0104073764399852,-0.0044902146464647,0.0666518287053395,-0.007085329421328736
UCI Electricity,persistence,2014-01,0,pid_user_vs_aci_user,pid_user,aci_user,-0.0017628811528396238,11.369338692674745,-5.281543271275837,-0.0045834909973828,-0.0148347272003185,0.05457125076516433,-0.014210722643940769
UCI Electricity,persistence,2014-02,1,pid_user_vs_aci_user,pid_user,aci_user,-0.0023794250104733905,10.503928801337082,-5.845976381083062,-0.0045688014942047005,-0.0107749118165785,0.05195129998883877,-0.01655708450972893
UCI Electricity,persistence,2014-03,2,pid_user_vs_aci_user,pid_user,aci_user,-0.0017205089395515571,13.326883061270223,-6.418472124019502,-0.005344022955885599,-0.0137146555157309,0.06710408905630498,-0.01774258566622608
UCI Electricity,persistence,2014-04,3,pid_user_vs_aci_user,pid_user,aci_user,-0.004063823721081827,11.910821329214912,-5.103132099076504,-0.0060514418377322,-0.0165252057613169,0.053700074750372424,-0.01292621149339879
UCI Electricity,persistence,2014-05,4,pid_user_vs_aci_user,pid_user,aci_user,-0.0023600337401066263,10.814942287367643,-6.744464820554413,-0.0043639438085327,-0.0123456790123456,0.04578937400044085,-0.015449523183134525
UCI Electricity,persistence,2014-06,5,pid_user_vs_aci_user,pid_user,aci_user,-0.0015721733463669452,9.99055965197445,-8.042797145999714,-0.004665607689801301,-0.0144175059562486,0.04107660796134254,-0.016319572668630017
UCI Electricity,persistence,2014-07,6,pid_user_vs_aci_user,pid_user,aci_user,0.002030910036893485,20.896224429672714,-6.740492006617046,-0.0066678097310252,-0.0107183188491185,0.07713944460596174,-0.012241322701864317
UCI Electricity,persistence,2014-08,7,pid_user_vs_aci_user,pid_user,aci_user,-0.003733681770882624,23.23142655836176,-7.636902859758834,-0.0058195771450193995,-0.0235090601354042,0.08349215385717734,-0.01337868598104094
UCI Electricity,persistence,2014-09,8,pid_user_vs_aci_user,pid_user,aci_user,-0.00488045780384494,8.473857284590622,-10.026041704063573,-0.005931288693385399,-0.0165252057613169,0.03165804321529096,-0.018406934900056276
UCI Electricity,persistence,2014-10,9,pid_user_vs_aci_user,pid_user,aci_user,-0.0031532809888689117,10.626243695060424,-14.111465649038223,-0.0063499195913348004,-0.013428414974114001,0.04278863867142638,-0.028728983503379574
UCI Electricity,persistence,2014-11,10,pid_user_vs_aci_user,pid_user,aci_user,-0.0044843597262952395,14.565432166800804,-12.874892863821003,-0.0076673998044966,-0.0179012345679011,0.07059811519806122,-0.03377986131582952
UCI Electricity,persistence,2014-12,11,pid_user_vs_aci_user,pid_user,aci_user,-0.0022683915113675956,10.778721055302839,-9.552150426679077,-0.007797275565225599,-0.0162410394265232,0.05292436368050747,-0.026387404820540302
