dataset,forecaster_key,window,static_delta_user_gap,static_delta_max_group_gap,static_delta_weighted_group_gap,static_max_conflict,static_weighted_conflict,aci_delta_user_gap,aci_delta_max_group_gap,aci_delta_weighted_group_gap,aci_max_conflict,aci_weighted_conflict,pid_delta_user_gap,pid_delta_max_group_gap,pid_delta_weighted_group_gap,pid_max_conflict,pid_weighted_conflict,window_order
Ausgrid,lgbm,2012-07,-0.012268044017693377,0.0025940860215053485,-0.0006945193656273923,1,0,-0.033714532312007744,-0.004368279569892497,-0.001903297730787191,0,0,-0.036796939619520234,-0.0035349462365591444,-0.001963983888948793,0,0,0
Ausgrid,lgbm,2012-08,-0.012147570755565142,0.001119664385793362,0.0011575322760456076,1,1,-0.0320148703563851,-0.0021300369284240617,0.00034388822958241697,0,1,-0.03588889488258349,-0.004825268817204353,-0.003024867839033333,0,0,1
Ausgrid,lgbm,2012-09,-0.00530007432181346,0.0002638888888888413,-0.0009336677814938688,1,0,-0.031301096246748414,-0.0021388888888889124,-0.0008988294314381472,0,0,-0.03534698996655518,-0.004729166666666673,-0.003174934968413157,0,0,2
Ausgrid,lgbm,2012-10,-0.009240479016075085,0.004113038992071272,0.0019464523321465889,1,1,-0.031582425288596394,0.0008467741935483941,0.0003348976876325929,1,1,-0.03579134750242743,-0.0007862903225807072,-0.0005771927931815434,0,0,3
Ausgrid,lgbm,2012-11,-0.01169639539204756,-0.00022222222222223476,-4.180602006688232e-05,0,0,-0.031015421776291324,-0.001986111111111244,-0.0011008918617614514,0,0,-0.03460841694537346,-0.0015034371492704812,-0.0006479933110367313,0,0,4
Ausgrid,lgbm,2012-12,-0.014051318013449839,0.0036996307157597386,0.0029938504693062746,1,1,-0.03480238788794189,-0.0011345307917889347,-0.000515158053727499,0,0,-0.03841254000791165,-0.0026542304768111258,-0.0014901823281907086,0,0,5
Ausgrid,lgbm,2013-01,-0.015635001977919227,0.0007806560225914749,-0.0006720430107527058,1,0,-0.03849525299385046,-0.0033529515585968284,-0.0015153558456503958,0,0,-0.04179972668752469,-0.003612061474964734,-0.0022656165713669002,0,0,6
Ausgrid,lgbm,2013-02,-0.013096731167383344,-0.003534226190476164,-0.002232142857142813,0,0,-0.03712225274725276,-0.002098214285714217,-0.0023306856187290965,0,0,-0.04090868370759673,-0.004872083934583937,-0.003301182513139023,0,0,7
Ausgrid,lgbm,2013-03,-0.01633896141259394,0.000483803084609602,-0.0018003560254611648,1,0,-0.036244021289603336,-4.561746497233621e-05,0.0003232099830977242,0,1,-0.0398618153702305,-0.002143817204301013,-0.001349030819577791,0,0,8
Ausgrid,lgbm,2013-04,-0.010918338907469335,0.0025049102132436163,0.002919453734671139,1,1,-0.03493357487922703,-0.0017375140291807645,-0.0005876068376068938,0,0,-0.03928604607952434,-0.0013416105499438613,-0.0008848940914157791,0,0,9
Ausgrid,lgbm,2013-05,-0.011008918617614258,0.004630376344085918,0.004818930485129595,1,1,-0.03577201783723521,-0.0027555799934831926,-0.0024881324846261245,0,0,-0.03972785629517746,-0.004475806451612829,-0.0029673283705541663,0,0,10
Ausgrid,lgbm,2013-06,-0.012423355629877359,0.00550000000000006,0.0026779078409513695,1,1,-0.0351124117428465,-0.0016527777777778363,-0.0009708286882200098,0,0,-0.039174563359345965,-0.001958333333333284,-0.0011171497584540318,0,0,11
Ausgrid,persistence,2012-07,-0.014526468155500419,0.0022425871619419224,0.0019801668644585414,1,1,-0.043871597079871955,-0.0025625203649396466,-0.0020925486388319813,0,0,-0.049354029560901895,-0.00073252688172043,-6.697953752650529e-05,0,0,0
Ausgrid,persistence,2012-08,-0.005364656381486692,-0.0033333333333332993,-0.005646060344517546,0,0,-0.035371039666271115,0.001081989247311843,0.001332847844068047,1,1,-0.04326158880857338,-0.0016330645161288793,-0.001069874492034368,0,0,1
Ausgrid,persistence,2012-09,0.008612040133779267,-0.010898779461279484,-0.01041898922333706,0,0,-0.021564938684503928,-0.006354166666666661,-0.0023620401337793306,0,0,-0.0405588071348941,-0.015008908529741904,-0.010941564474173182,0,0,2
Ausgrid,persistence,2012-10,0.00389560182687812,-0.005376344086021501,-0.006252921926133727,0,0,-0.028031161218398267,-0.006924079504724623,-0.003980562448304395,0,0,-0.036015211996979185,-0.014688077006625444,-0.010464990829647185,0,0,3
Ausgrid,persistence,2012-11,-0.0028381642512077185,-0.011500561167227752,-0.004584726867335545,0,0,-0.03269230769230768,-0.012152777777777901,-0.008830360460795305,0,0,-0.03833147528799701,-0.015655583613916946,-0.009141583054626508,0,0,4
Ausgrid,persistence,2012-12,-0.011020156795051604,0.0013642473118279375,-0.0008266803322904224,1,0,-0.03941273779983458,-0.0006922043010751944,-0.0012901427698061713,0,0,-0.048074675441435594,-0.01012504072987952,-0.0064232926960837156,0,0,5
Ausgrid,persistence,2013-01,-0.014070198151544581,-0.004091384272835952,0.0006185492861509375,0,1,-0.04225599669148056,-0.005342741935483897,-0.0027416657676124587,0,0,-0.0479087999424605,-0.007043010752688206,-0.0038542453339087046,0,0,6
Ausgrid,persistence,2013-02,-0.008953455964325535,-0.005012926887926872,-0.0034241121197642267,0,0,-0.04001532887402452,-0.006443452380952452,-0.004718107978977553,0,0,-0.04613145007166744,-0.010446428571428523,-0.0065680243669373264,0,0,7
Ausgrid,persistence,2013-03,-0.016410885748192897,-0.004200268817204478,-0.004272755061675163,0,0,-0.04318516920199949,-0.011108870967742046,-0.008055525587082408,0,0,-0.0483066314237422,-0.01423387096774198,-0.0094351242492897,0,0,8
Ausgrid,persistence,2013-04,0.0006897993311036979,-0.004381944444444397,0.0036115756224452504,0,0,-0.0343715161649944,-0.018194444444444402,-0.009919639539204703,0,0,-0.0401918431809736,-0.016854166666666726,-0.010356280193236667,0,0,9
Ausgrid,persistence,2013-05,-0.004223756608048329,-0.015201612903225747,0.0010294170532599706,0,1,-0.03742987377279099,-0.01765456989247305,-0.006827867083827727,0,0,-0.04506329341532704,-0.014065860215053738,-0.007895493940374646,0,0,10
Ausgrid,persistence,2013-06,-0.007838628762541808,0.0019236111111110565,-0.00037393162393165036,1,0,-0.04368729096989963,-0.009756944444444415,-0.004970271274619067,0,0,-0.051760497956150085,-0.004374999999999907,-0.004501114827201745,0,0,11
London,lgbm,2013-03,-0.008914362394132184,-0.0033858736295732106,-0.0002648764425345366,0,0,-0.02941344943419523,-0.004638071848858227,-0.0023986780379782052,0,0,-0.03305642926532051,-0.00401336231560101,-0.0026702772328613135,0,0,0
London,lgbm,2013-04,-0.0022059065300208958,0.005907627115669056,0.002279300477124299,1,1,-0.028561954453310168,-0.003396702841025556,-0.0017964779248359338,0,0,-0.03260783712727333,-0.0033320079082344023,-0.002154494877828043,0,0,1
London,lgbm,2013-05,-0.00018152673851454942,0.008103659863984647,0.006813643423361654,1,1,-0.03428663674704238,-0.0032649658310379692,-0.0015706207851759232,0,0,-0.03783276012011218,-0.002540308782382872,-0.0016445798118750244,0,0,2
London,lgbm,2013-06,-0.014414882494113483,-0.000808788384825343,-0.0010984747886131074,0,0,-0.037502890331179956,-0.0032261340555919116,-0.0023209798951304194,0,0,-0.0411465729273018,-0.004655794193729523,-0.003107432224800726,0,0,3
London,lgbm,2013-07,-0.010321566943698103,-0.002009021651770748,-0.001527801687037339,0,0,-0.03942816899154135,0.0007339633799524625,0.001630013771733579,1,1,-0.04558211323146916,-0.0024358614473337648,-0.001600157083835389,0,0,4
London,lgbm,2013-08,-0.016562772654796616,-0.0021177604379674086,-0.001078159868792475,0,0,-0.04128513625027643,-0.0017897707716665323,-0.001169037184416447,0,0,-0.044868705828481875,-0.0025643005414585085,-0.0017269378646519752,0,0,5
London,lgbm,2013-09,-0.008188001553250661,0.005378889741388337,0.004123072390701116,1,1,-0.03669800599017898,-0.0028395981920453783,-0.0009280039577047451,0,0,-0.04124052689184904,-0.002596699309052486,-0.0015580683398900266,0,0,6
London,lgbm,2013-10,-0.012318187328109773,-0.0006529546196539782,0.0022963796035213565,0,1,-0.03493037767400181,-0.004544449764558811,-0.0021658882025011603,0,0,-0.03903998519967727,-0.004195838018887343,-0.0027677629738048115,0,0,7
London,lgbm,2013-11,-0.00849980150744753,0.0019437695075786854,0.004241247733365959,1,1,-0.03493639161408298,-0.0031555489713135376,-0.0024076381395246134,0,0,-0.03995253271094826,-0.0044990931931248035,-0.0029635892358522917,0,0,8
London,lgbm,2013-12,-0.013475863421134611,-0.001876769539949752,-0.003141714826892158,0,0,-0.038502026811457146,-0.00682566582038302,-0.0044546863397152085,0,0,-0.04289677035120383,-0.0075958315978694735,-0.004980413047923402,0,0,9
London,lgbm,2014-01,-0.01220172114995213,-0.007859945668578283,-0.004363641257174394,0,0,-0.03670375028965622,-0.005592826765093095,-0.003964499828420411,0,0,-0.040615642186351934,-0.007385048797665661,-0.004952260478135388,0,0,10
London,persistence,2013-03,-0.01290899296930369,-0.014158878880812686,-0.008405225138518943,0,0,-0.03412097707616109,-0.014992970125684013,-0.009999435439859603,0,0,-0.0392427797800697,-0.017497706855507666,-0.011663274825187918,0,0,0
London,persistence,2013-04,-0.0028796161221657166,-0.0012678053635375441,-0.003057636659410428,0,0,-0.026390672510514898,-0.0008092734277398428,-0.0002247731083565149,0,0,-0.033718531109382305,-0.006469189949277698,-0.004643273407729774,0,0,1
London,persistence,2013-05,-0.0016996586247843143,0.003341430839575832,-0.002493537637631854,1,0,-0.03001337529739706,0.0017085781148148405,0.0030231623434145965,1,1,-0.039788565601754526,-0.0034546533749797437,-0.0027691037916558665,0,0,2
London,persistence,2013-06,-0.008473519445146904,-0.00046863885518222403,-0.0008557956537806471,0,0,-0.038974427696920104,-0.009473199715469227,-0.004164501707423451,0,0,-0.04629572771363708,-0.013035091938038645,-0.008761902644908705,0,0,3
London,persistence,2013-07,-0.014183079502991594,-0.008856043733549313,-0.00260663475253102,0,0,-0.05150611441336518,-0.01683336707835592,-0.010088577186098147,0,0,-0.06015653449797744,-0.02440744500736214,-0.016275671453786972,0,0,4
London,persistence,2013-08,-0.02446255294443958,-0.02150977707195978,-0.012628197373549997,0,0,-0.0524385730820246,-0.02369315306959552,-0.015783700955683724,0,0,-0.05990732648420567,-0.02984353872899359,-0.01966557791308782,0,0,5
London,persistence,2013-09,-0.007177566902106511,-0.005239477314871843,0.006496789805165767,0,1,-0.04076807304665376,-0.015937556980528234,-0.007244399869980838,0,0,-0.0459345689188596,-0.014001527691031468,-0.00796228333615777,0,0,6
London,persistence,2013-10,-0.007560350807635313,0.0010808002850842824,0.005752975642285614,1,1,-0.03550315025538059,-0.0058059221138679895,-0.003158153723703869,0,0,-0.039495453253236834,-0.004467181155949351,-0.003384024232678863,0,0,7
London,persistence,2013-11,-0.0035014401948178925,0.01395052499502103,0.005780804561292353,1,1,-0.03578763023005869,-0.005987823503567191,-0.005239540091914923,0,0,-0.04066658000731934,-0.00800120736118759,-0.005930013503826082,0,0,8
London,persistence,2013-12,-0.01277544861402296,-0.0004009071029400513,-0.0011526796373374764,0,0,-0.03725459403948687,-0.008255315038277922,-0.00665956828961383,0,0,-0.045272212392367873,-0.011847242459125829,-0.008314243001107733,0,0,9
London,persistence,2014-01,-0.0200412513100928,-0.010506823559920941,-0.008824035581178974,0,0,-0.043023324677283176,-0.011097382809404643,-0.008051478694854898,0,0,-0.04720403001024631,-0.011585979315062889,-0.008032117714758973,0,0,10
UCI Electricity,lgbm,2014-01,-0.01440364220505757,-0.0038591570279812304,-0.0011968993104754869,0,0,-0.039238365507197184,-0.002787074643576082,-0.0017581493746127554,0,0,-0.04341221883226829,-0.00826131614365655,-0.00550218461259136,0,0,0
UCI Electricity,lgbm,2014-02,-0.01471498310832959,-0.0047742769344394365,-0.0008336574727613507,0,0,-0.03850994925943246,-0.0036730279730424753,-0.0003207887732670266,0,0,-0.04216667904952122,-0.006684519880210238,-0.00454392489871549,0,0,1
UCI Electricity,lgbm,2014-03,-0.013172996846421925,6.788505584287563e-05,-0.0013749047808874603,1,0,-0.038454312587078605,-0.007169581309841355,-0.006628828992394307,0,0,-0.0416116402158168,-0.013553963160381155,-0.009112814420416511,0,0,2
UCI Electricity,lgbm,2014-04,-0.014148438487798697,-0.0026169387306932412,-0.00230974104633758,0,0,-0.03958679169096863,-0.010120373675335692,-0.008241937523197311,0,0,-0.04356837249519737,-0.01357002331422108,-0.009030341097728548,0,0,3
UCI Electricity,lgbm,2014-05,-0.014966471031681815,-0.00838232863450683,-0.009899827520198277,0,0,-0.03755639142258341,-0.01727331197370141,-0.012853100097488548,0,0,-0.041625849078200015,-0.019966293071618124,-0.013282326148648351,0,0,4
UCI Electricity,lgbm,2014-06,-0.013369619747205103,-0.013258951099732852,-0.004555243312029203,0,0,-0.034352452697824866,-0.016246753726291474,-0.011066200612613711,0,0,-0.039860673222421164,-0.019621933678954706,-0.013110829230888478,0,0,5
UCI Electricity,lgbm,2014-07,-0.014604145040909688,-0.01535868697816789,-0.008246863196283642,0,0,-0.03682187217549525,-0.019664359985230973,-0.013805093877164424,0,0,-0.04412443805922725,-0.02371619146605175,-0.015868931138327217,0,0,6
UCI Electricity,lgbm,2014-08,-0.015581004329756131,-0.01618273685380689,-0.0047289856845712285,0,0,-0.03706855381409284,-0.017201848521302132,-0.009645844105098264,0,0,-0.04336268515923791,-0.020466537238413962,-0.0135864352727115,0,0,7
UCI Electricity,lgbm,2014-09,-0.011638435591955258,-0.009145492875418437,-0.0034509480828292744,0,0,-0.03664445160474593,-0.014812854628478589,-0.007914421708221426,0,0,-0.04195893612421944,-0.0178006572550371,-0.011792812598142643,0,0,8
UCI Electricity,lgbm,2014-10,-0.010939837308525713,0.003519627270035519,0.0006001270903801832,1,1,-0.0339039244088521,-0.010412977261457845,-0.006968657617726344,0,0,-0.03829367350402384,-0.01056015122669518,-0.007000232867466856,0,0,9
UCI Electricity,lgbm,2014-11,-0.006595385412290614,-0.00727500545769133,-0.001906974088319113,0,0,-0.039173828101101656,-0.006687210475139871,-0.003120577210935761,0,0,-0.0445172710550251,-0.01008098760569609,-0.006679609591359726,0,0,10
UCI Electricity,lgbm,2014-12,-0.0070616072591499005,-0.00026892825508195717,0.0005259252534899964,0,1,-0.03579311106988785,-0.008075370121130465,-0.0014502906896429334,0,0,-0.043359527634263845,-0.006164245163104876,-0.003288167569850348,0,0,11
UCI Electricity,persistence,2014-01,-0.03124231387758964,-0.011620448971892183,-0.0083565887806263,0,0,-0.05070909406237189,-0.02248809186945866,-0.014227603821776543,0,0,-0.056215116829060614,-0.03136613374834951,-0.02062955254942767,0,0,0
UCI Electricity,persistence,2014-02,-0.03231566820276496,-0.015625652673350143,-0.010610860913280291,0,0,-0.050032292975841365,-0.01974402151211374,-0.013106147884373733,0,0,-0.05461767734953216,-0.030438074352548194,-0.019924111506772774,0,0,1
UCI Electricity,persistence,2014-03,-0.019215897266105387,-0.0031205238867937357,-0.0013099911708132836,0,0,-0.04292462870116356,-0.020438757172214994,-0.015616032857187922,0,0,-0.050810590294201104,-0.032119529334087904,-0.021156347554630493,0,0,2
UCI Electricity,persistence,2014-04,-0.016478290974258708,0.0073586744639375645,0.0015182062561093987,1,1,-0.0437968393613555,-0.015146807992202804,-0.012630335614206586,0,0,-0.05264744216357117,-0.027037646198830423,-0.017684913652655558,0,0,3
UCI Electricity,persistence,2014-05,-0.019589363983224528,-0.0014030371627995475,0.003811922555418904,0,1,-0.04420466370258253,-0.010012851348802143,-0.007268706839466538,0,0,-0.05189610727461921,-0.018520680060366,-0.012106825276700347,0,0,4
UCI Electricity,persistence,2014-06,-0.025674079504724643,0.007147246804326435,0.002698354512870659,1,1,-0.04726397034864775,-0.007705896686159841,-0.007334433040078205,0,0,-0.05273602965135221,-0.014679047206265339,-0.010102028347996055,0,0,5
UCI Electricity,persistence,2014-07,-0.022215455806766926,-0.005319844894851933,-0.0006079919906662509,0,0,-0.04534891054141832,-0.008164185293140447,-0.005245877085106999,0,0,-0.05143553117018254,-0.010984366157328673,-0.007746823069403672,0,0,6
UCI Electricity,persistence,2014-08,-0.02892287863021473,0.00441084438067274,-0.0031601787910321144,1,0,-0.05200844290984769,-0.006801897454646322,-0.005963445590136558,0,0,-0.05697959038879952,-0.010145340126174296,-0.00678448112761329,0,0,7
UCI Electricity,persistence,2014-09,-0.024434872922776147,-0.00015838206627682982,0.003320503421309894,0,1,-0.04609502280873249,-0.004370735867446296,-0.0026240224828934225,0,0,-0.05162410394265231,-0.0098501461988304,-0.006884367872271119,0,0,8
UCI Electricity,persistence,2014-10,-0.016100455649102875,0.005358476151602676,0.003792411629300256,1,1,-0.04267039542143601,-0.005628451511069055,-0.0035082221801785397,0,0,-0.049860467316242524,-0.016822887191096036,-0.011122410367987853,0,0,9
UCI Electricity,persistence,2014-11,-0.012252565982404692,0.008637536873156382,-0.001917359074617167,1,0,-0.043723525578364286,-0.014865515404785423,-0.012379846855653347,0,0,-0.05365347018572824,-0.029127071150097605,-0.019285597914630165,0,0,10
UCI Electricity,persistence,2014-12,-0.017376549049285775,-0.017004456706281812,-0.007417699366190444,0,0,-0.04729645571216849,-0.01738881814751947,-0.011387285971052881,0,0,-0.054874578248667726,-0.029488539898132493,-0.01930123293286658,0,0,11
