dataset,forecaster,coverage,horizon_hours,method,mean_user_window_gap,pooled_user_gap,temporal_cancellation_absolute,temporal_cancellation_ratio,equal_window_mean_user_window_gap,equal_window_pooled_user_gap,equal_window_temporal_cancellation_absolute,equal_window_temporal_cancellation_ratio,legacy_hybrid_mean_user_window_gap,legacy_hybrid_temporal_cancellation_absolute,legacy_hybrid_temporal_cancellation_ratio,weighting
Ausgrid,lightgbm_quantile,0.8,1.0,raw,0.0454268795528474,0.036711221575724276,0.008715657977123127,0.191861251816422,0.0454317482115957,0.03670910389769964,0.008722644313896064,0.19199446768525966,0.0454317482115957,0.008720526635871424,0.19194785539081796,within-user effective-sample weighting for both terms; users macro-averaged
Ausgrid,lightgbm_quantile,0.8,1.0,rolling_global_norm,0.04025805195400192,0.030292565782440703,0.00996548617156122,0.24754019849116377,0.0402765986610657,0.030315082640205358,0.009961516020860341,0.24732763818236395,0.0402765986610657,0.009984032878624996,0.24788669377576542,within-user effective-sample weighting for both terms; users macro-averaged
Ausgrid,lightgbm_quantile,0.8,1.0,rolling_group_norm,0.04001519524747636,0.030317191246315718,0.009698004001160644,0.2423580327718698,0.040033442407872634,0.03033731683911382,0.009696125568758814,0.24220064490012624,0.040033442407872634,0.009716251161556916,0.24270336441630114,within-user effective-sample weighting for both terms; users macro-averaged
Ausgrid,lightgbm_quantile,0.8,1.0,rolling_user_norm,0.028235442342053427,0.0062117255387058945,0.022023716803347533,0.7800025420726543,0.028266166225273875,0.006242845472990994,0.02202332075228288,0.7791407075428212,0.028266166225273875,0.02205444068656798,0.7802416681059581,within-user effective-sample weighting for both terms; users macro-averaged
Ausgrid,lightgbm_quantile,0.8,6.0,raw,0.06717521112994611,0.05419358287136728,0.012981628258578827,0.19325027849137244,0.06716410273891867,0.05417163420866965,0.012992468530249018,0.1934436402843576,0.06716410273891867,0.012970519867551385,0.19311684871263135,within-user effective-sample weighting for both terms; users macro-averaged
Ausgrid,lightgbm_quantile,0.8,6.0,rolling_global_norm,0.05910981811517844,0.04386081458743757,0.015249003527740869,0.25797750718886364,0.05914957018787663,0.04388931148003728,0.015260258707839348,0.2579944141498954,0.05914957018787663,0.01528875560043906,0.25847619098291713,within-user effective-sample weighting for both terms; users macro-averaged
Ausgrid,lightgbm_quantile,0.8,6.0,rolling_group_norm,0.05865850399352483,0.04328679311556023,0.0153717108779646,0.26205426036200047,0.058710784469024294,0.04331986321818018,0.015390921250844111,0.26214811111856856,0.058710784469024294,0.015423991353464062,0.2627113824650347,within-user effective-sample weighting for both terms; users macro-averaged
Ausgrid,lightgbm_quantile,0.8,6.0,rolling_user_norm,0.04138521097723003,0.009729921656663781,0.03165528932056625,0.7648937524562303,0.04142119053255975,0.009674655744299869,0.03174653478825988,0.7664322145280937,0.04142119053255975,0.03169126887589597,0.7650979720388426,within-user effective-sample weighting for both terms; users macro-averaged
Ausgrid,lightgbm_quantile,0.9,1.0,raw,0.03993028512087476,0.03335662253172677,0.006573662589147988,0.16462849111266195,0.039933518509956106,0.03334911762111974,0.00658440088883637,0.16488406568018207,0.0399335185099561,0.00657689597822933,0.1646961305598353,within-user effective-sample weighting for both terms; users macro-averaged
Ausgrid,lightgbm_quantile,0.9,1.0,rolling_global_norm,0.030966158122203383,0.024022235457613655,0.006943922664589729,0.22424230468586256,0.030981738907098294,0.024048131276611286,0.006933607630487008,0.22379659357656112,0.030981738907098298,0.006959503449484643,0.22463243494348004,within-user effective-sample weighting for both terms; users macro-averaged
Ausgrid,lightgbm_quantile,0.9,1.0,rolling_group_norm,0.030714902032650683,0.02389567202700019,0.006819230005650493,0.22201698701176018,0.03072926343986126,0.023921293281610596,0.006807970158250666,0.22154680575322644,0.03072926343986126,0.006833591412861072,0.2223805795487015,within-user effective-sample weighting for both terms; users macro-averaged
Ausgrid,lightgbm_quantile,0.9,1.0,rolling_user_norm,0.02110165544203662,0.005143285838640225,0.015958369603396395,0.7562615002994371,0.021118263051555473,0.005129457382262439,0.015988805669293032,0.7571079889600756,0.021118263051555473,0.01597497721291525,0.7564531786499651,within-user effective-sample weighting for both terms; users macro-averaged
Ausgrid,lightgbm_quantile,0.9,6.0,raw,0.054344848123883266,0.04540286495319254,0.008941983170690726,0.16454150631365805,0.05435434556774845,0.04539926452728873,0.008955081040459723,0.16475372754323594,0.05435434556774845,0.008951480614555911,0.16468748765264019,within-user effective-sample weighting for both terms; users macro-averaged
Ausgrid,lightgbm_quantile,0.9,6.0,rolling_global_norm,0.041023693895939274,0.030326926894824448,0.010696767001114826,0.26074607099614805,0.04105462749615974,0.030362769081212274,0.010691858414947467,0.2604300432624212,0.04105462749615974,0.010727700601335294,0.26130307971589234,within-user effective-sample weighting for both terms; users macro-averaged
Ausgrid,lightgbm_quantile,0.9,6.0,rolling_group_norm,0.04047593958552862,0.029641040912631138,0.010834898672897483,0.2676873911722926,0.040508067209723934,0.02967197035504363,0.010836096854680306,0.2675046626781321,0.04050806720972394,0.010867026297092804,0.26826820052486183,within-user effective-sample weighting for both terms; users macro-averaged
Ausgrid,lightgbm_quantile,0.9,6.0,rolling_user_norm,0.028565041767841047,0.007872703532322362,0.020692338235518686,0.724393767868193,0.028601096913903713,0.007826606142480977,0.020774490771422738,0.7263529379295847,0.02860109691390371,0.020728393381581348,0.7247412028978776,within-user effective-sample weighting for both terms; users macro-averaged
Ausgrid,persistence_quantile_interval,0.8,1.0,raw,0.05617526458056534,0.026551786014263667,0.029623478566301674,0.5273402588752621,0.056152341129988396,0.02665734040646382,0.029495000723524577,0.5252675156543499,0.05615234112998839,0.029600555115724722,0.5271473017875015,within-user effective-sample weighting for both terms; users macro-averaged
Ausgrid,persistence_quantile_interval,0.8,1.0,rolling_global_norm,0.05396599777034559,0.025930231670255488,0.0280357661000901,0.5195079727682864,0.05396357317815943,0.025984475046536754,0.02797909813162268,0.5184811991461419,0.05396357317815943,0.028033341507903944,0.5194863841827624,within-user effective-sample weighting for both terms; users macro-averaged
Ausgrid,persistence_quantile_interval,0.8,1.0,rolling_group_norm,0.053503420839632866,0.02536976374826285,0.028133657091370015,0.5258291273691775,0.05350923284062309,0.025426834452299034,0.028082398388324055,0.5248140722175424,0.05350923284062309,0.028139469092360238,0.5258806302862437,within-user effective-sample weighting for both terms; users macro-averaged
Ausgrid,persistence_quantile_interval,0.8,1.0,rolling_user_norm,0.047924130663856694,0.008417327163604715,0.03950680350025198,0.8243614010936483,0.0479594957176479,0.008426167814316488,0.03953332790333141,0.8243065802041811,0.04795949571764789,0.039542168554043175,0.8244909159770971,within-user effective-sample weighting for both terms; users macro-averaged
Ausgrid,persistence_quantile_interval,0.8,6.0,raw,0.08671870466242114,0.038000526870389864,0.048718177792031275,0.5617954970808381,0.08667954436932347,0.03817816424978064,0.04850138011954283,0.5595481664380764,0.08667954436932347,0.04867901749893361,0.5615975239962322,within-user effective-sample weighting for both terms; users macro-averaged
Ausgrid,persistence_quantile_interval,0.8,6.0,rolling_global_norm,0.08720647974221528,0.038687367327927186,0.04851911241428809,0.5563704962946779,0.08720428609103224,0.03880563004861742,0.04839865604241482,0.5550031794525746,0.08720428609103223,0.048516918763105044,0.5563593366552926,within-user effective-sample weighting for both terms; users macro-averaged
Ausgrid,persistence_quantile_interval,0.8,6.0,rolling_group_norm,0.08686118874177243,0.03943223988637925,0.04742894885539318,0.5460315423081945,0.08686873507284623,0.03956169761196935,0.04730703746087688,0.5445807104386432,0.08686873507284622,0.04743649518646697,0.5460709787783575,within-user effective-sample weighting for both terms; users macro-averaged
Ausgrid,persistence_quantile_interval,0.8,6.0,rolling_user_norm,0.07183999938913578,0.013091965608344417,0.05874803378079137,0.8177621698264618,0.07187257844033791,0.013050526203576707,0.05882205223676121,0.8184213439008583,0.07187257844033791,0.0587806128319935,0.8178447762353179,within-user effective-sample weighting for both terms; users macro-averaged
Ausgrid,persistence_quantile_interval,0.9,1.0,raw,0.04069504894549563,0.018024885081168583,0.022670163864327048,0.5570742498599776,0.04067697880044479,0.018107402352011394,0.022569576448433395,0.5548488878477524,0.04067697880044478,0.0226520937192762,0.5568774866590758,within-user effective-sample weighting for both terms; users macro-averaged
Ausgrid,persistence_quantile_interval,0.9,1.0,rolling_global_norm,0.040033139383943435,0.019148684351185833,0.020884455032757602,0.521679172658989,0.04003839434129581,0.019206320397370535,0.020832073943925274,0.520302431869476,0.04003839434129581,0.020889709990109976,0.5217419512890961,within-user effective-sample weighting for both terms; users macro-averaged
Ausgrid,persistence_quantile_interval,0.9,1.0,rolling_group_norm,0.039723813014462206,0.018975733418854324,0.02074807959560788,0.5223083591712143,0.03973400518368961,0.019037264761756347,0.02069674042193326,0.5208823104102542,0.039734005183689615,0.02075827176483529,0.5224308918486863,within-user effective-sample weighting for both terms; users macro-averaged
Ausgrid,persistence_quantile_interval,0.9,1.0,rolling_user_norm,0.03421484858203142,0.006667773858065705,0.02754707472396572,0.8051204627698568,0.034241362907649724,0.006668627461053836,0.027572735446595886,0.8052464360417142,0.03424136290764972,0.027573589049584013,0.8052713650432388,within-user effective-sample weighting for both terms; users macro-averaged
Ausgrid,persistence_quantile_interval,0.9,6.0,raw,0.05949302087628472,0.0253098226966601,0.03418319817962462,0.5745749278845382,0.05943061292377561,0.025404831260371227,0.034025781663404385,0.5725295431000367,0.059430612923775605,0.034120790227115505,0.5741281899764029,within-user effective-sample weighting for both terms; users macro-averaged
Ausgrid,persistence_quantile_interval,0.9,6.0,rolling_global_norm,0.06063216810983338,0.02911493410302225,0.031517234006811126,0.5198104403873302,0.0606122390495199,0.029180064625585308,0.03143217442393459,0.5185780119136443,0.0606122390495199,0.03149730494649765,0.5196525559922726,within-user effective-sample weighting for both terms; users macro-averaged
Ausgrid,persistence_quantile_interval,0.9,6.0,rolling_group_norm,0.06050468838288968,0.028713099983201235,0.031791588399688445,0.5254400815768666,0.060483977998003244,0.02874878128209124,0.031735196715912004,0.5246876572331217,0.06048397799800324,0.031770878014802,0.5252775869975163,within-user effective-sample weighting for both terms; users macro-averaged
Ausgrid,persistence_quantile_interval,0.9,6.0,rolling_user_norm,0.05095054290557566,0.012117446282127655,0.038833096623448,0.7621723814683511,0.050975408245525704,0.012072810564000969,0.038902597681524737,0.7631640239965976,0.050975408245525704,0.03885796196339805,0.7622883916149658,within-user effective-sample weighting for both terms; users macro-averaged
London,lightgbm_quantile,0.8,1.0,raw,0.04514828619294165,0.0330426990406223,0.012105587152319353,0.268129494452702,0.045146443263860914,0.03307453012196236,0.012071913141898552,0.2673945557868995,0.045146443263860914,0.012103744223238615,0.2680996186675793,within-user effective-sample weighting for both terms; users macro-averaged
London,lightgbm_quantile,0.8,1.0,rolling_global_norm,0.04185129865802219,0.029875693627440934,0.011975605030581253,0.2861465573251867,0.041831335789573584,0.029893380624503873,0.011937955165069711,0.2853830732329909,0.0418313357895736,0.011955642162132664,0.28580589016506114,within-user effective-sample weighting for both terms; users macro-averaged
London,lightgbm_quantile,0.8,1.0,rolling_group_norm,0.04154405170632205,0.029606008277347003,0.011938043428975045,0.287358669620526,0.04152518991397646,0.02962526728423745,0.011899922629739011,0.28657117894923245,0.04152518991397647,0.011919181636629465,0.2870349698898723,within-user effective-sample weighting for both terms; users macro-averaged
London,lightgbm_quantile,0.8,1.0,rolling_user_norm,0.03208339624496588,0.007973975941805624,0.024109420303160257,0.7514609774812478,0.03207819099728536,0.00797862301028737,0.024099567986997986,0.7512757807644899,0.032078190997285365,0.02410421505547974,0.7514206476767837,within-user effective-sample weighting for both terms; users macro-averaged
London,lightgbm_quantile,0.8,6.0,raw,0.06161175036823739,0.04635160665359109,0.015260143714646304,0.24768235967068616,0.06160667078849053,0.0463939134969698,0.015212757291520732,0.24693360470247658,0.061606670788490546,0.015255064134899458,0.24762032974113304,within-user effective-sample weighting for both terms; users macro-averaged
London,lightgbm_quantile,0.8,6.0,rolling_global_norm,0.0592586025520551,0.043801599268178004,0.015457003283877092,0.26083982102512543,0.05923613311596155,0.04382439297546192,0.015411740140499626,0.2601746489820558,0.05923613311596155,0.015434533847783545,0.26055944295973316,within-user effective-sample weighting for both terms; users macro-averaged
London,lightgbm_quantile,0.8,6.0,rolling_group_norm,0.05829754684839084,0.04237868544132229,0.015918861407068552,0.27306228593918874,0.058274590879215354,0.042400099119395,0.015874491759820357,0.2724084634540484,0.05827459087921536,0.01589590543789307,0.27277592511700705,within-user effective-sample weighting for both terms; users macro-averaged
London,lightgbm_quantile,0.8,6.0,rolling_user_norm,0.04326923314604615,0.01098172241609492,0.03228751072995123,0.7462002069916877,0.04327084078130383,0.011000396989686405,0.03227044379161743,0.7457780622917921,0.04327084078130383,0.03228911836520891,0.7462096363785048,within-user effective-sample weighting for both terms; users macro-averaged
London,lightgbm_quantile,0.9,1.0,raw,0.038297974485845626,0.030056514477088486,0.00824146000875714,0.2151931040583638,0.038310157008389197,0.03009668963325332,0.008213467375135876,0.21439398886664135,0.038310157008389197,0.00825364253130071,0.21544267045142412,within-user effective-sample weighting for both terms; users macro-averaged
London,lightgbm_quantile,0.9,1.0,rolling_global_norm,0.03241258895268828,0.024314479688944065,0.008098109263744217,0.24984456735513452,0.03239955727607709,0.024321099726669262,0.008078457549407825,0.24933851659055628,0.03239955727607709,0.008085077587133022,0.24954284153452966,within-user effective-sample weighting for both terms; users macro-averaged
London,lightgbm_quantile,0.9,1.0,rolling_group_norm,0.031782762666368314,0.02391253412545997,0.007870228540908342,0.24762569017439168,0.03177075843009874,0.02392106663312154,0.007849691796977198,0.24707284889808037,0.03177075843009873,0.007858224304638759,0.2473414137068285,within-user effective-sample weighting for both terms; users macro-averaged
London,lightgbm_quantile,0.9,1.0,rolling_user_norm,0.023840165752234327,0.006880278881991747,0.01695988687024258,0.7113997044526874,0.023852385247594525,0.0069062712239446765,0.016946114023649848,0.7104578367213332,0.02385238524759453,0.01697210636560278,0.7115475533967568,within-user effective-sample weighting for both terms; users macro-averaged
London,lightgbm_quantile,0.9,6.0,raw,0.05170101519429543,0.04081732760894693,0.010883687585348502,0.21051206720887336,0.05171703602753121,0.04086583934747263,0.01085119668005858,0.20981861130405888,0.05171703602753122,0.010899708418584293,0.210756633709285,within-user effective-sample weighting for both terms; users macro-averaged
London,lightgbm_quantile,0.9,6.0,rolling_global_norm,0.04461278847594021,0.03397767660544424,0.01063511187049597,0.2383870686816968,0.04460566408482214,0.033995378757429126,0.010610285327393013,0.237868565463267,0.04460566408482214,0.010627987479377897,0.23826542430054878,within-user effective-sample weighting for both terms; users macro-averaged
London,lightgbm_quantile,0.9,6.0,rolling_group_norm,0.04382488872295623,0.03278061342297878,0.011044275299977452,0.25200920348697364,0.04381551153807597,0.03279711687259108,0.01101839466548489,0.2514724644013304,0.04381551153807597,0.01103489811509719,0.2518491220970407,within-user effective-sample weighting for both terms; users macro-averaged
London,lightgbm_quantile,0.9,6.0,rolling_user_norm,0.03237935820902056,0.010277073105166267,0.022102285103854293,0.682604175202485,0.032395360616300585,0.010310108207022302,0.022085252409278285,0.681741211985938,0.032395360616300585,0.022118287511134316,0.6827609599136524,within-user effective-sample weighting for both terms; users macro-averaged
London,persistence_quantile_interval,0.8,1.0,raw,0.050362720535166355,0.02757388151159851,0.022788839023567844,0.45249420169141324,0.05030264723335035,0.027569609696799155,0.022733037536551197,0.4519252720655888,0.05030264723335036,0.022728765721751847,0.45184034979938015,within-user effective-sample weighting for both terms; users macro-averaged
London,persistence_quantile_interval,0.8,1.0,rolling_global_norm,0.051362575462295224,0.02946887899199785,0.021893696470297375,0.42625776206197696,0.05135417590656175,0.029466766971171437,0.021887408935390314,0.42620504660057573,0.05135417590656175,0.021885296914563902,0.4261639200361021,within-user effective-sample weighting for both terms; users macro-averaged
London,persistence_quantile_interval,0.8,1.0,rolling_group_norm,0.051374716989786524,0.02996652660816313,0.021408190381623393,0.41670673117049806,0.05136926020989861,0.029962896393283846,0.021406363816614767,0.4167154389443565,0.051369260209898626,0.021402733601735495,0.416644769932102,within-user effective-sample weighting for both terms; users macro-averaged
London,persistence_quantile_interval,0.8,1.0,rolling_user_norm,0.04078720233694834,0.007106291007023844,0.0336809113299245,0.8257715508821161,0.040839314321333815,0.007124764389414042,0.033714549931919774,0.8255415276232447,0.040839314321333815,0.03373302331430997,0.825993870731771,within-user effective-sample weighting for both terms; users macro-averaged
London,persistence_quantile_interval,0.8,6.0,raw,0.07327983367974293,0.03513722344867792,0.03814261023106501,0.5205062336489573,0.07318100943093737,0.03514890314621589,0.038032106284721486,0.5196991211307801,0.07318100943093736,0.03804378598225944,0.519858721246012,within-user effective-sample weighting for both terms; users macro-averaged
London,persistence_quantile_interval,0.8,6.0,rolling_global_norm,0.075701058959218,0.03735007448794225,0.038350984471275745,0.5066109377933056,0.07571222325297262,0.03736090207530789,0.03835132117766473,0.5065406816746592,0.07571222325297262,0.03836214876503037,0.50668369144112,within-user effective-sample weighting for both terms; users macro-averaged
London,persistence_quantile_interval,0.8,6.0,rolling_group_norm,0.07430266101363114,0.03809144689363828,0.03621121411999286,0.4873474735090545,0.07431925864248393,0.03809370637773915,0.036225552264744776,0.48743156116518055,0.07431925864248394,0.03622781174884566,0.48746196356883936,within-user effective-sample weighting for both terms; users macro-averaged
London,persistence_quantile_interval,0.8,6.0,rolling_user_norm,0.060076414215484535,0.011029072685312157,0.04904734153017238,0.8164159291239882,0.060171530995169635,0.011074800206237025,0.04909673078893261,0.8159461788145947,0.060171530995169635,0.04914245830985748,0.8167061315724619,within-user effective-sample weighting for both terms; users macro-averaged
London,persistence_quantile_interval,0.9,1.0,raw,0.032108726643280946,0.017287273516293677,0.01482145312698727,0.461602021520489,0.03207104845833249,0.01728765204147892,0.014783396416853566,0.46095769011295423,0.03207104845833249,0.014783774942038811,0.4609694928198641,within-user effective-sample weighting for both terms; users macro-averaged
London,persistence_quantile_interval,0.9,1.0,rolling_global_norm,0.03277542724866504,0.019259054855688712,0.01351637239297633,0.4123934766869243,0.0327647346080692,0.019259895128506014,0.013504839479563189,0.4121760679922387,0.0327647346080692,0.01350567975238049,0.4122017136392233,within-user effective-sample weighting for both terms; users macro-averaged
London,persistence_quantile_interval,0.9,1.0,rolling_group_norm,0.032852863484759354,0.01960020661444774,0.013252656870311613,0.4033942696185251,0.03284819669438485,0.019603089400664915,0.013245107293719936,0.4032217481206232,0.03284819669438485,0.01324799007993711,0.403309508987498,within-user effective-sample weighting for both terms; users macro-averaged
London,persistence_quantile_interval,0.9,1.0,rolling_user_norm,0.02642964180786212,0.005324053954986115,0.021105587852876008,0.79855746840268,0.026466691949732415,0.0053486876392821615,0.02111800431045025,0.7979087205367107,0.026466691949732415,0.021142637994746298,0.7988394633867364,within-user effective-sample weighting for both terms; users macro-averaged
London,persistence_quantile_interval,0.9,6.0,raw,0.04398928157314981,0.02218023187636811,0.0218090496967817,0.49578099293382216,0.04393085703160655,0.022184726521656224,0.021746130509950324,0.4950081100012419,0.043930857031606554,0.021750625155238443,0.49511042180646986,within-user effective-sample weighting for both terms; users macro-averaged
London,persistence_quantile_interval,0.9,6.0,rolling_global_norm,0.045933271702131837,0.025241647191302875,0.02069162451082896,0.45047138477333043,0.04593786772357613,0.02524598849423358,0.020691879229342548,0.45043186056986073,0.045937867723576144,0.02069622053227327,0.45052636436696414,within-user effective-sample weighting for both terms; users macro-averaged
London,persistence_quantile_interval,0.9,6.0,rolling_group_norm,0.045870460191860675,0.02530344626210006,0.020567013929760614,0.44837165015863645,0.04588800071671796,0.02531473780510943,0.02057326291160853,0.4483364406877125,0.04588800071671797,0.020584554454617907,0.4485825081309005,within-user effective-sample weighting for both terms; users macro-averaged
London,persistence_quantile_interval,0.9,6.0,rolling_user_norm,0.03785315107365751,0.00901210948633664,0.02884104158732087,0.7619191736825238,0.03792201275964581,0.009065911907035705,0.028856100852610103,0.760932734122091,0.03792201275964581,0.028909903273309168,0.762351499023629,within-user effective-sample weighting for both terms; users macro-averaged
UCI Electricity,lightgbm_quantile,0.8,1.0,raw,0.044623186598495235,0.03269070634662032,0.011932480251874912,0.2674053818531484,0.04461150047011422,0.03269666467667071,0.011914835793443504,0.26707991589355745,0.04461150047011421,0.011920794123493887,0.26721347629810777,within-user effective-sample weighting for both terms; users macro-averaged
UCI Electricity,lightgbm_quantile,0.8,1.0,rolling_global_norm,0.043684371258047076,0.030490035761839823,0.013194335496207254,0.3020378940163121,0.04366104530574855,0.030477423803516413,0.013183621502232134,0.3019538677993204,0.04366104530574854,0.013171009543908718,0.3016650071402341,within-user effective-sample weighting for both terms; users macro-averaged
UCI Electricity,lightgbm_quantile,0.8,1.0,rolling_group_norm,0.042413632542067425,0.029982001751217204,0.012431630790850221,0.2931045997656547,0.04240031872868684,0.029973044110112236,0.012427274618574603,0.2930938962533474,0.04240031872868683,0.012418316977469628,0.29288263272105436,within-user effective-sample weighting for both terms; users macro-averaged
UCI Electricity,lightgbm_quantile,0.8,1.0,rolling_user_norm,0.031089318111420853,0.005978526134838364,0.02511079197658249,0.8076983833028453,0.03106133144165838,0.00599934015994897,0.02506199128170941,0.8068550225795259,0.03106133144165838,0.025082805306820017,0.8075251170070523,within-user effective-sample weighting for both terms; users macro-averaged
UCI Electricity,lightgbm_quantile,0.8,6.0,raw,0.08658588986460579,0.060815588832542164,0.025770301032063625,0.29762702759491877,0.08658050141915326,0.06081503469068843,0.02576546672846483,0.2975897148450219,0.08658050141915324,0.02576491258661108,0.2975833145372775,within-user effective-sample weighting for both terms; users macro-averaged
UCI Electricity,lightgbm_quantile,0.8,6.0,rolling_global_norm,0.08317023379400852,0.05597237299028424,0.02719786080372428,0.3270143603429858,0.08319760637180917,0.05597375212661926,0.027223854245189916,0.32721920055640563,0.08319760637180917,0.02722523338152493,0.327235777191181,within-user effective-sample weighting for both terms; users macro-averaged
UCI Electricity,lightgbm_quantile,0.8,6.0,rolling_group_norm,0.08110517827535738,0.052838023120169796,0.02826715515518758,0.3485246658261294,0.0811402893919555,0.05284171408604463,0.028298575305910872,0.34876108426495805,0.08114028939195551,0.02830226627178572,0.3488065729599393,within-user effective-sample weighting for both terms; users macro-averaged
UCI Electricity,lightgbm_quantile,0.8,6.0,rolling_user_norm,0.06022933172394052,0.01364709742227121,0.046582234301669315,0.7734144306162601,0.060169567894495,0.013603899763477699,0.0465656681310173,0.7739073049796268,0.060169567894495006,0.0465224704722238,0.7731893729700559,within-user effective-sample weighting for both terms; users macro-averaged
UCI Electricity,lightgbm_quantile,0.9,1.0,raw,0.03467059751906426,0.02598071850859584,0.008689879010468422,0.2506411666453148,0.03466666059348661,0.02597548592738025,0.00869117466610636,0.25070700544312924,0.03466666059348661,0.00868594208489077,0.25055606557392895,within-user effective-sample weighting for both terms; users macro-averaged
UCI Electricity,lightgbm_quantile,0.9,1.0,rolling_global_norm,0.0326747831427242,0.023532316393726185,0.009142466748998015,0.2798019105150143,0.0326653438501291,0.023520727435964218,0.00914461641416488,0.27994857351329366,0.0326653438501291,0.009133027456402914,0.27959379513364035,within-user effective-sample weighting for both terms; users macro-averaged
UCI Electricity,lightgbm_quantile,0.9,1.0,rolling_group_norm,0.031376388335767065,0.022141198256291846,0.009235190079475219,0.294335663513818,0.03135969762171084,0.0221079390642018,0.009251758557509041,0.29502065578285086,0.03135969762171084,0.009218499365418995,0.29396008458438944,within-user effective-sample weighting for both terms; users macro-averaged
UCI Electricity,lightgbm_quantile,0.9,1.0,rolling_user_norm,0.022407752689512946,0.004530319121119604,0.017877433568393344,0.7978235843686441,0.022405409550409625,0.004520159085258057,0.01788525046515157,0.7982559044462806,0.022405409550409625,0.017875090429290023,0.7978024409271833,within-user effective-sample weighting for both terms; users macro-averaged
UCI Electricity,lightgbm_quantile,0.9,6.0,raw,0.0636526499624655,0.0448312939140109,0.0188213560484546,0.29568849151689863,0.06359718077998033,0.0447788525977886,0.018818328182191736,0.29589877965338257,0.06359718077998033,0.01876588686596943,0.295074194104477,within-user effective-sample weighting for both terms; users macro-averaged
UCI Electricity,lightgbm_quantile,0.9,6.0,rolling_global_norm,0.05929463162186829,0.04035030959208913,0.018944322029779165,0.319494725097379,0.0592583934628758,0.04032579038624533,0.018932603076630472,0.31949234480160804,0.05925839346287581,0.018908083870786678,0.3190785771577188,within-user effective-sample weighting for both terms; users macro-averaged
UCI Electricity,lightgbm_quantile,0.9,6.0,rolling_group_norm,0.05884919638372677,0.039027032938546036,0.019822163445180736,0.3368298067475743,0.05882111662240787,0.039004814671265355,0.019816301951142513,0.33689095156676274,0.05882111662240787,0.019794083683861832,0.336513225529644,within-user effective-sample weighting for both terms; users macro-averaged
UCI Electricity,lightgbm_quantile,0.9,6.0,rolling_user_norm,0.044141040596663475,0.012367144083861262,0.03177389651280221,0.7198266303491706,0.04405841488846996,0.012250367140564777,0.03180804774790519,0.7219517049903972,0.04405841488846996,0.0316912708046087,0.7193012023885197,within-user effective-sample weighting for both terms; users macro-averaged
UCI Electricity,persistence_quantile_interval,0.8,1.0,raw,0.054124435919066925,0.038675112816186595,0.01544932310288033,0.2854408150503764,0.054132591758599816,0.03865414190027222,0.015478449858327595,0.2859358725581174,0.054132591758599816,0.01545747894241322,0.2855484734842306,within-user effective-sample weighting for both terms; users macro-averaged
UCI Electricity,persistence_quantile_interval,0.8,1.0,rolling_global_norm,0.05404762382999235,0.039340376812758586,0.014707247017233763,0.27211644055797235,0.054052702188189305,0.03932405750214346,0.014728644686045844,0.27248674145404894,0.05405270218818929,0.014712325375430706,0.2721848266569252,within-user effective-sample weighting for both terms; users macro-averaged
UCI Electricity,persistence_quantile_interval,0.8,1.0,rolling_group_norm,0.05036638479358319,0.03494464642001097,0.015421738373572219,0.3061910922686869,0.05036636362322496,0.034933142074953974,0.015433221548270988,0.30641921389683996,0.050366363623224955,0.015421717203213982,0.30619080064185367,within-user effective-sample weighting for both terms; users macro-averaged
UCI Electricity,persistence_quantile_interval,0.8,1.0,rolling_user_norm,0.03195287497154488,0.008050037493806802,0.023902837477738074,0.7480653149059158,0.03190116953408771,0.008059979572807982,0.023841189961279728,0.7473453265029809,0.03190116953408771,0.023851132040280908,0.7476569789955504,within-user effective-sample weighting for both terms; users macro-averaged
UCI Electricity,persistence_quantile_interval,0.8,6.0,raw,0.10439658404638519,0.0629596338997576,0.041436950146627585,0.39691863986868037,0.1044370693096792,0.0629399704846017,0.0414970988250775,0.397340705741458,0.10443706930967922,0.04147743540992162,0.397152425705587,within-user effective-sample weighting for both terms; users macro-averaged
UCI Electricity,persistence_quantile_interval,0.8,6.0,rolling_global_norm,0.10560175886125951,0.06264035070100028,0.04296140816025923,0.40682474064378316,0.10563588014891995,0.06262849189894584,0.043007388249974104,0.4071286024156237,0.10563588014891995,0.042995529447919664,0.40701634129716924,within-user effective-sample weighting for both terms; users macro-averaged
UCI Electricity,persistence_quantile_interval,0.8,6.0,rolling_group_norm,0.10261261532693261,0.06000147297098247,0.04261114235595014,0.4152622191743908,0.10263816454145538,0.059969839633763934,0.04266832490769145,0.41571597756366524,0.10263816454145538,0.042636691570472916,0.4154077750801168,within-user effective-sample weighting for both terms; users macro-averaged
UCI Electricity,persistence_quantile_interval,0.8,6.0,rolling_user_norm,0.07032440512058276,0.011821847507331368,0.05850255761325139,0.831895520665111,0.07017963773337407,0.011905973125975064,0.05827366460739901,0.8303500344186993,0.07017963773337407,0.058357790226042705,0.8315487527558231,within-user effective-sample weighting for both terms; users macro-averaged
UCI Electricity,persistence_quantile_interval,0.9,1.0,raw,0.035912204234122044,0.024826256377294815,0.01108594785682723,0.30869583455681887,0.035923972252503725,0.024807342899662094,0.01111662935284163,0.30944877906888085,0.03592397225250373,0.011097715875208917,0.308922292813414,within-user effective-sample weighting for both terms; users macro-averaged
UCI Electricity,persistence_quantile_interval,0.9,1.0,rolling_global_norm,0.03534552886353593,0.02459970339720671,0.010745825466329222,0.3040222005962148,0.03535189419278258,0.02457792997676582,0.010773964216016764,0.3047634210847001,0.03535189419278259,0.010752190795575881,0.3041475157438958,within-user effective-sample weighting for both terms; users macro-averaged
UCI Electricity,persistence_quantile_interval,0.9,1.0,rolling_group_norm,0.03338955730526654,0.02226370532545963,0.011125851979806912,0.33321352176334573,0.03339399000128383,0.022242568587928238,0.011151421413355594,0.33393498090305707,0.03339399000128383,0.011130284675824203,0.3333020305568846,within-user effective-sample weighting for both terms; users macro-averaged
UCI Electricity,persistence_quantile_interval,0.9,1.0,rolling_user_norm,0.021807268442266232,0.004892104875533947,0.016915163566732283,0.7756663156375785,0.021764919641074035,0.004912820969906682,0.016852098671167354,0.7742780101684654,0.021764919641074038,0.01687281476554009,0.7752298213726583,within-user effective-sample weighting for both terms; users macro-averaged
UCI Electricity,persistence_quantile_interval,0.9,6.0,raw,0.07437929337564776,0.044342703437378644,0.030036589938269118,0.40382999857999835,0.07440994874698373,0.044322486492507945,0.030087462254475783,0.40434730518068535,0.07440994874698373,0.030067245309605084,0.40407560838192197,within-user effective-sample weighting for both terms; users macro-averaged
UCI Electricity,persistence_quantile_interval,0.9,6.0,rolling_global_norm,0.0776012500167383,0.04468935376745805,0.03291189624928025,0.42411554249681904,0.07759386180383189,0.044659050163570184,0.032934811640261706,0.42445125006827866,0.07759386180383189,0.03290450803637384,0.42406070881690394,within-user effective-sample weighting for both terms; users macro-averaged
UCI Electricity,persistence_quantile_interval,0.9,6.0,rolling_group_norm,0.07597929136705096,0.043164745109066795,0.03281454625798417,0.4318880272186174,0.07596390391858979,0.04313049935489125,0.032833404563698536,0.4322237651040942,0.07596390391858979,0.03279915880952299,0.43177294896104496,within-user effective-sample weighting for both terms; users macro-averaged
UCI Electricity,persistence_quantile_interval,0.9,6.0,rolling_user_norm,0.05559690475234002,0.011329239143534333,0.044267665608805684,0.7962253619333458,0.05546241430614804,0.011295866434963085,0.04416654787118496,0.7963329477038124,0.05546241430614805,0.04413317516261372,0.795731230144475,within-user effective-sample weighting for both terms; users macro-averaged
