alignment,flip_probability,replicates,strict_gcr_mean,strict_gcr_q025,strict_gcr_q975,material_gcr_0_5pp_mean,material_gcr_0_5pp_q025,material_gcr_0_5pp_q975,mean_pareto_conflict_margin_mean,mean_pareto_conflict_margin_q025,mean_pareto_conflict_margin_q975,user_tci_mean,user_tci_q025,user_tci_q975
0.0,0.0,200,0.02604166666666667,0.0,0.08333333333333333,0.000625,0.0,0.0,0.0006697255291005473,0.0,0.0033804563492064086,0.27633646482351265,0.2357872694135111,0.32183428553794724
0.0,0.25,200,0.026875,0.0,0.08437500000000023,0.0,0.0,0.0,0.0006091683201058138,0.0,0.0038244047619048023,0.72849820935265,0.4523298774294283,0.8574595926564835
0.0,0.5,200,0.025,0.0,0.08333333333333333,0.000625,0.0,0.0,0.0005691137566137547,0.0,0.003033854166666718,0.8017262662771194,0.6121150900834306,0.8662991932689506
0.5,0.0,200,0.8704166666666667,0.7083333333333334,1.0,0.3375,0.125,0.5,0.004426426026615058,0.0033126505810657544,0.005475006764069222,0.22307261712511361,0.19381152683382286,0.25836825707070915
0.5,0.25,200,0.865,0.7083333333333334,0.9583333333333334,0.34729166666666667,0.16666666666666666,0.5416666666666666,0.004526507731652649,0.0034625141723355936,0.005846786315536288,0.7391708002578719,0.38573847706735154,0.8704175202346932
0.5,0.5,200,0.8616666666666667,0.7083333333333334,1.0,0.3447916666666667,0.16666666666666666,0.5010416666666669,0.004513453577211035,0.0031962946163313615,0.005586259174722476,0.8079908321950601,0.6045602632354822,0.8771076438563926
1.0,0.0,200,0.9997916666666667,1.0,1.0,0.9970833333333333,0.9583333333333334,1.0,0.01281851393561653,0.011105982005070516,0.014265401096781271,0.14639761633678583,0.12889323185347007,0.16460322930706167
1.0,0.25,200,1.0,1.0,1.0,0.9933333333333334,0.9583333333333334,1.0,0.012633484209656083,0.011311401151895883,0.013960555142195737,0.7354519105963371,0.34672893869815813,0.8912829126113344
1.0,0.5,200,1.0,1.0,1.0,0.995,0.9583333333333334,1.0,0.012822151951058201,0.01135934055335096,0.014179808063271617,0.8093742733838206,0.5983289479097667,0.8950992616243011
